channel_width,forward,backward,count,total_spawned,propensity
2,0.0,1.0,6,1.0,3.298925539951638e-06
3,0.0,1.0,129,1.0,2.1050924143729186e-05
3,1.0,0.0,6,1.0,9.791127508711248e-07
3,-1.0,1.0,1,0.0,1.6318545847852082e-07
3,1.0,1.0,1,2.0,1.6318545847852082e-07
4,0.0,1.0,346,1.0,4.197797224455825e-05
4,1.0,1.0,51,2.0,6.187504579400204e-06
4,1.0,0.0,8,1.0,9.705889536314045e-07
4,1.0,2.0,5,3.0,6.066180960196278e-07
4,-1.0,1.0,1,0.0,1.2132361920392557e-07
4,0.0,2.0,1,2.0,1.2132361920392557e-07
4,2.0,1.0,1,3.0,1.2132361920392557e-07
5,0.0,1.0,468,1.0,5.3625890258097834e-05
5,1.0,1.0,153,2.0,1.7531541045916598e-05
5,1.0,0.0,20,1.0,2.2917047118845225e-06
5,1.0,2.0,18,3.0,2.0625342406960703e-06
5,-1.0,1.0,4,0.0,4.5834094237690456e-07
5,0.0,2.0,3,2.0,3.437557067826784e-07
5,2.0,1.0,2,3.0,2.2917047118845228e-07
5,2.0,2.0,2,4.0,2.2917047118845228e-07
5,0.5,0.5,1,1.0,1.1458523559422614e-07
5,1.0,3.0,1,4.0,1.1458523559422614e-07
5,1.5,1.5,1,3.0,1.1458523559422614e-07
5,2.0,0.0,1,2.0,1.1458523559422614e-07
5,2.0,3.0,1,5.0,1.1458523559422614e-07
6,0.0,1.0,474,1.0,5.4393056988684916e-05
6,1.0,1.0,265,2.0,3.04096204683576e-05
6,1.0,2.0,60,3.0,6.885197087175305e-06
6,2.0,2.0,20,4.0,2.2950656957251017e-06
6,1.0,0.0,15,1.0,1.7212992717938263e-06
6,1.0,3.0,7,4.0,8.032729935037856e-07
6,0.0,2.0,6,2.0,6.885197087175306e-07
6,2.0,3.0,6,5.0,6.885197087175306e-07
6,2.0,1.0,3,3.0,3.442598543587653e-07
6,3.0,3.0,2,6.0,2.295065695725102e-07
6,2.0,4.0,1,6.0,1.147532847862551e-07
6,2.0,5.0,1,7.0,1.147532847862551e-07
6,-1.0,1.0,1,0.0,1.147532847862551e-07
6,1.5,1.5,1,3.0,1.147532847862551e-07
6,0.5,0.5,1,1.0,1.147532847862551e-07
6,3.0,4.0,1,7.0,1.147532847862551e-07
7,1.0,1.0,423,2.0,4.866449697066275e-05
7,0.0,1.0,356,1.0,4.095640879800458e-05
7,1.0,2.0,105,3.0,1.207983967356877e-05
7,2.0,2.0,45,4.0,5.177074145815187e-06
7,1.0,0.0,29,1.0,3.336336671747565e-06
7,3.0,3.0,13,6.0,1.4955991976799426e-06
7,2.0,3.0,11,5.0,1.2655070134214899e-06
7,1.0,3.0,10,4.0,1.1504609212922637e-06
7,0.0,2.0,9,2.0,1.0354148291630373e-06
7,3.0,2.0,9,5.0,1.0354148291630373e-06
7,2.0,1.0,8,3.0,9.203687370338109e-07
7,-1.0,2.0,7,1.0,8.053226449045845e-07
7,2.0,4.0,5,6.0,5.752304606461318e-07
7,1.5,1.5,3,3.0,3.451382763876791e-07
7,4.0,3.0,3,7.0,3.451382763876791e-07
7,3.0,4.0,2,7.0,2.3009218425845273e-07
7,2.0,0.0,2,2.0,2.3009218425845273e-07
7,4.0,2.0,1,6.0,1.1504609212922636e-07
7,3.0,5.0,1,8.0,1.1504609212922636e-07
7,-1.0,1.0,1,0.0,1.1504609212922636e-07
7,3.0,1.0,1,4.0,1.1504609212922636e-07
7,0.5,0.5,1,1.0,1.1504609212922636e-07
7,0.0,3.0,1,3.0,1.1504609212922636e-07
7,5.0,4.0,1,9.0,1.1504609212922636e-07
8,1.0,1.0,506,2.0,5.813611258378e-05
8,0.0,1.0,287,1.0,3.2974435398309996e-05
8,1.0,2.0,145,3.0,1.665955795385e-05
8,2.0,2.0,86,4.0,9.880841269179999e-06
8,2.0,3.0,38,5.0,4.36595311894e-06
8,3.0,3.0,26,6.0,2.9872310813799997e-06
8,1.0,0.0,22,1.0,2.52765706886e-06
8,2.0,1.0,18,3.0,2.0680830563399995e-06
8,3.0,4.0,14,7.0,1.6085090438200001e-06
8,1.0,3.0,12,4.0,1.3787220375599998e-06
8,4.0,3.0,10,7.0,1.1489350313e-06
8,0.0,2.0,10,2.0,1.1489350313e-06
8,2.0,4.0,8,6.0,9.191480250399999e-07
8,5.0,4.0,6,9.0,6.893610187799999e-07
8,3.0,2.0,6,5.0,6.893610187799999e-07
8,4.0,5.0,5,9.0,5.7446751565e-07
8,-1.0,2.0,4,1.0,4.5957401251999996e-07
8,4.0,4.0,4,8.0,4.5957401251999996e-07
8,2.0,0.0,4,2.0,4.5957401251999996e-07
8,3.0,0.0,3,3.0,3.4468050938999994e-07
8,1.5,1.5,3,3.0,3.4468050938999994e-07
8,0.5,0.5,3,1.0,3.4468050938999994e-07
8,3.0,5.0,3,8.0,3.4468050938999994e-07
8,4.0,6.0,2,10.0,2.2978700625999998e-07
8,4.0,7.0,2,11.0,2.2978700625999998e-07
8,5.0,2.0,2,7.0,2.2978700625999998e-07
8,2.0,5.0,2,7.0,2.2978700625999998e-07
8,5.0,5.0,2,10.0,2.2978700625999998e-07
8,5.0,8.0,2,13.0,2.2978700625999998e-07
8,3.0,6.0,2,9.0,2.2978700625999998e-07
8,1.0,4.0,2,5.0,2.2978700625999998e-07
8,0.0,3.0,2,3.0,2.2978700625999998e-07
8,5.0,6.0,1,11.0,1.1489350312999999e-07
8,6.0,5.0,1,11.0,1.1489350312999999e-07
8,-1.0,1.0,1,0.0,1.1489350312999999e-07
8,3.0,1.0,1,4.0,1.1489350312999999e-07
8,5.0,3.0,1,8.0,1.1489350312999999e-07
8,4.0,2.0,1,6.0,1.1489350312999999e-07
8,4.0,0.0,1,4.0,1.1489350312999999e-07
8,2.5,2.5,1,5.0,1.1489350312999999e-07
8,7.0,5.0,1,12.0,1.1489350312999999e-07
9,1.0,1.0,566,2.0,6.510693491431384e-05
9,0.0,1.0,231,1.0,2.657191159930476e-05
9,1.0,2.0,112,3.0,1.2883351078450793e-05
9,2.0,2.0,107,4.0,1.230820147673424e-05
9,2.0,3.0,49,5.0,5.636466096822222e-06
9,3.0,3.0,37,6.0,4.256107052702494e-06
9,1.0,0.0,28,1.0,3.220837769612698e-06
9,2.0,1.0,20,3.0,2.300598406866213e-06
9,1.0,3.0,15,4.0,1.7254488051496596e-06
9,3.0,2.0,14,5.0,1.610418884806349e-06
9,2.0,4.0,14,6.0,1.610418884806349e-06
9,3.0,4.0,13,7.0,1.4953889644630385e-06
9,0.0,2.0,13,2.0,1.4953889644630385e-06
9,4.0,4.0,11,8.0,1.2653291237764171e-06
9,4.0,3.0,10,7.0,1.1502992034331066e-06
9,2.0,0.0,8,2.0,9.202393627464852e-07
9,3.0,5.0,7,8.0,8.052094424031745e-07
9,4.0,5.0,7,9.0,8.052094424031745e-07
9,5.0,5.0,6,10.0,6.901795220598639e-07
9,2.0,5.0,5,7.0,5.751496017165533e-07
9,-1.0,2.0,5,1.0,5.751496017165533e-07
9,5.0,7.0,4,12.0,4.601196813732426e-07
9,3.0,1.0,3,4.0,3.4508976102993193e-07
9,0.5,0.5,3,1.0,3.4508976102993193e-07
9,7.0,5.0,3,12.0,3.4508976102993193e-07
9,5.0,2.0,2,7.0,2.300598406866213e-07
9,6.0,1.0,2,7.0,2.300598406866213e-07
9,5.0,6.0,2,11.0,2.300598406866213e-07
9,5.0,4.0,2,9.0,2.300598406866213e-07
9,8.0,7.0,2,15.0,2.300598406866213e-07
9,-1.0,1.0,2,0.0,2.300598406866213e-07
9,4.0,6.0,2,10.0,2.300598406866213e-07
9,3.5,3.5,2,7.0,2.300598406866213e-07
9,1.5,1.5,2,3.0,2.300598406866213e-07
9,0.0,3.0,2,3.0,2.300598406866213e-07
9,4.5,4.5,1,9.0,1.1502992034331065e-07
9,4.0,0.0,1,4.0,1.1502992034331065e-07
9,3.0,6.0,1,9.0,1.1502992034331065e-07
9,5.0,8.0,1,13.0,1.1502992034331065e-07
9,1.0,4.0,1,5.0,1.1502992034331065e-07
9,6.0,3.0,1,9.0,1.1502992034331065e-07
9,6.0,5.0,1,11.0,1.1502992034331065e-07
9,6.0,6.0,1,12.0,1.1502992034331065e-07
9,7.0,7.0,1,14.0,1.1502992034331065e-07
9,8.0,4.0,1,12.0,1.1502992034331065e-07
9,-1.0,4.0,1,3.0,1.1502992034331065e-07
9,11.0,4.0,1,15.0,1.1502992034331065e-07
10,1.0,1.0,645,2.0,7.459779407213379e-05
10,0.0,1.0,173,1.0,2.0008400580587824e-05
10,2.0,2.0,143,4.0,1.653873574002346e-05
10,1.0,2.0,135,3.0,1.5613491782539633e-05
10,2.0,3.0,74,5.0,8.558506606725429e-06
10,3.0,3.0,57,6.0,6.592363197072289e-06
10,3.0,4.0,37,7.0,4.279253303362714e-06
10,4.0,4.0,28,8.0,3.2383538511934053e-06
10,3.0,2.0,22,5.0,2.5444208830805323e-06
10,2.0,1.0,20,3.0,2.313109893709575e-06
10,1.0,0.0,19,1.0,2.1974543990240964e-06
10,1.0,3.0,15,4.0,1.7348324202821814e-06
10,4.0,3.0,15,7.0,1.7348324202821814e-06
10,4.0,5.0,14,9.0,1.6191769255967027e-06
10,3.0,5.0,14,8.0,1.6191769255967027e-06
10,2.0,4.0,12,6.0,1.3878659362257453e-06
10,5.0,5.0,12,10.0,1.3878659362257453e-06
10,-1.0,2.0,11,1.0,1.2722104415402661e-06
10,5.0,4.0,9,9.0,1.0408994521693087e-06
10,1.5,1.5,8,3.0,9.2524395748383e-07
10,2.0,0.0,8,2.0,9.2524395748383e-07
10,5.0,6.0,8,11.0,9.2524395748383e-07
10,4.0,6.0,7,10.0,8.095884627983513e-07
10,2.0,5.0,7,7.0,8.095884627983513e-07
10,6.0,6.0,6,12.0,6.939329681128726e-07
10,0.0,2.0,5,2.0,5.782774734273937e-07
10,3.0,1.0,5,4.0,5.782774734273937e-07
10,5.0,7.0,5,12.0,5.782774734273937e-07
10,6.0,7.0,5,13.0,5.782774734273937e-07
10,6.0,5.0,4,11.0,4.62621978741915e-07
10,4.0,7.0,3,11.0,3.469664840564363e-07
10,4.0,2.0,3,6.0,3.469664840564363e-07
10,8.0,7.0,3,15.0,3.469664840564363e-07
10,8.0,6.0,2,14.0,2.313109893709575e-07
10,7.0,6.0,2,13.0,2.313109893709575e-07
10,5.0,3.0,2,8.0,2.313109893709575e-07
10,-1.0,1.0,2,0.0,2.313109893709575e-07
10,4.0,1.0,2,5.0,2.313109893709575e-07
10,3.0,6.0,2,9.0,2.313109893709575e-07
10,1.0,5.0,2,6.0,2.313109893709575e-07
10,-1.0,3.0,2,2.0,2.313109893709575e-07
10,-1.0,4.0,2,3.0,2.313109893709575e-07
10,0.0,3.0,2,3.0,2.313109893709575e-07
10,7.0,4.0,1,11.0,1.1565549468547875e-07
10,10.0,11.0,1,21.0,1.1565549468547875e-07
10,10.0,9.0,1,19.0,1.1565549468547875e-07
10,10.0,7.0,1,17.0,1.1565549468547875e-07
10,8.0,10.0,1,18.0,1.1565549468547875e-07
10,8.0,8.0,1,16.0,1.1565549468547875e-07
10,7.0,9.0,1,16.0,1.1565549468547875e-07
10,7.0,8.0,1,15.0,1.1565549468547875e-07
10,7.0,7.0,1,14.0,1.1565549468547875e-07
10,7.0,5.0,1,12.0,1.1565549468547875e-07
10,6.0,8.0,1,14.0,1.1565549468547875e-07
10,6.0,9.0,1,15.0,1.1565549468547875e-07
10,4.0,8.0,1,12.0,1.1565549468547875e-07
10,0.0,4.0,1,4.0,1.1565549468547875e-07
10,0.0,5.0,1,5.0,1.1565549468547875e-07
10,0.5,0.5,1,1.0,1.1565549468547875e-07
10,6.0,4.0,1,10.0,1.1565549468547875e-07
10,6.0,2.0,1,8.0,1.1565549468547875e-07
10,6.0,1.0,1,7.0,1.1565549468547875e-07
10,2.5,2.5,1,5.0,1.1565549468547875e-07
10,3.0,0.0,1,3.0,1.1565549468547875e-07
10,3.0,7.0,1,10.0,1.1565549468547875e-07
10,5.0,1.0,1,6.0,1.1565549468547875e-07
10,4.5,4.5,1,9.0,1.1565549468547875e-07
10,11.0,12.0,1,23.0,1.1565549468547875e-07
12,1.0,1.0,704,2.0,8.223026069990751e-05
12,2.0,2.0,145,4.0,1.6936630399838903e-05
12,0.0,1.0,132,1.0,1.541817388123266e-05
12,1.0,2.0,122,3.0,1.4250130405381698e-05
12,2.0,3.0,79,5.0,9.227543459222575e-06
12,3.0,3.0,72,6.0,8.409913026126904e-06
12,4.0,4.0,43,8.0,5.022586946159123e-06
12,1.0,0.0,39,1.0,4.555369555818739e-06
12,3.0,4.0,34,7.0,3.97134781789326e-06
12,4.0,3.0,29,7.0,3.3873260799677805e-06
12,3.0,2.0,28,5.0,3.2705217323826847e-06
12,2.0,1.0,26,3.0,3.036913037212493e-06
12,5.0,5.0,26,10.0,3.036913037212493e-06
12,2.0,4.0,25,6.0,2.920108689627397e-06
12,4.0,5.0,23,9.0,2.6864999944572053e-06
12,5.0,4.0,18,9.0,2.102478256531726e-06
12,1.5,1.5,13,3.0,1.5184565186062464e-06
12,4.0,6.0,13,10.0,1.5184565186062464e-06
12,1.0,3.0,11,4.0,1.2848478234360548e-06
12,3.0,5.0,11,8.0,1.2848478234360548e-06
12,4.0,2.0,10,6.0,1.1680434758509589e-06
12,5.0,3.0,10,8.0,1.1680434758509589e-06
12,6.0,4.0,9,10.0,1.051239128265863e-06
12,6.0,6.0,9,12.0,1.051239128265863e-06
12,3.0,0.0,8,3.0,9.344347806807671e-07
12,3.0,1.0,8,4.0,9.344347806807671e-07
12,6.0,7.0,8,13.0,9.344347806807671e-07
12,2.0,0.0,8,2.0,9.344347806807671e-07
12,5.0,7.0,7,12.0,8.176304330956712e-07
12,1.0,4.0,7,5.0,8.176304330956712e-07
12,5.0,6.0,6,11.0,7.008260855105754e-07
12,0.0,2.0,6,2.0,7.008260855105754e-07
12,8.0,9.0,6,17.0,7.008260855105754e-07
12,0.0,3.0,6,3.0,7.008260855105754e-07
12,6.0,8.0,6,14.0,7.008260855105754e-07
12,-1.0,2.0,5,1.0,5.840217379254794e-07
12,-1.0,1.0,5,0.0,5.840217379254794e-07
12,7.0,6.0,5,13.0,5.840217379254794e-07
12,7.0,5.0,5,12.0,5.840217379254794e-07
12,0.5,0.5,5,1.0,5.840217379254794e-07
12,6.0,5.0,4,11.0,4.6721739034038356e-07
12,7.0,7.0,4,14.0,4.6721739034038356e-07
12,8.0,7.0,4,15.0,4.6721739034038356e-07
12,2.0,5.0,4,7.0,4.6721739034038356e-07
12,3.0,6.0,4,9.0,4.6721739034038356e-07
12,9.0,6.0,3,15.0,3.504130427552877e-07
12,3.5,3.5,3,7.0,3.504130427552877e-07
12,5.0,2.0,3,7.0,3.504130427552877e-07
12,8.0,5.0,3,13.0,3.504130427552877e-07
12,2.0,6.0,3,8.0,3.504130427552877e-07
12,8.0,6.0,3,14.0,3.504130427552877e-07
12,10.0,12.0,2,22.0,2.3360869517019178e-07
12,7.0,9.0,2,16.0,2.3360869517019178e-07
12,7.0,8.0,2,15.0,2.3360869517019178e-07
12,-1.0,4.0,2,3.0,2.3360869517019178e-07
12,11.0,10.0,2,21.0,2.3360869517019178e-07
12,0.0,5.0,2,5.0,2.3360869517019178e-07
12,8.0,8.0,2,16.0,2.3360869517019178e-07
12,4.0,0.0,2,4.0,2.3360869517019178e-07
12,9.0,5.0,2,14.0,2.3360869517019178e-07
12,9.0,7.0,2,16.0,2.3360869517019178e-07
12,3.0,7.0,2,10.0,2.3360869517019178e-07
12,10.0,9.0,2,19.0,2.3360869517019178e-07
12,6.0,3.0,2,9.0,2.3360869517019178e-07
12,6.0,2.0,2,8.0,2.3360869517019178e-07
12,9.0,8.0,2,17.0,2.3360869517019178e-07
12,5.0,8.0,2,13.0,2.3360869517019178e-07
12,9.0,3.0,1,12.0,1.1680434758509589e-07
12,11.0,8.0,1,19.0,1.1680434758509589e-07
12,10.0,11.0,1,21.0,1.1680434758509589e-07
12,11.0,13.0,1,24.0,1.1680434758509589e-07
12,10.0,7.0,1,17.0,1.1680434758509589e-07
12,5.0,0.0,1,5.0,1.1680434758509589e-07
12,8.0,2.0,1,10.0,1.1680434758509589e-07
12,4.0,9.0,1,13.0,1.1680434758509589e-07
12,-1.0,3.0,1,2.0,1.1680434758509589e-07
12,0.0,4.0,1,4.0,1.1680434758509589e-07
12,1.0,5.0,1,6.0,1.1680434758509589e-07
12,1.0,6.0,1,7.0,1.1680434758509589e-07
12,3.0,8.0,1,11.0,1.1680434758509589e-07
12,3.0,9.0,1,12.0,1.1680434758509589e-07
12,4.5,4.5,1,9.0,1.1680434758509589e-07
12,7.0,10.0,1,17.0,1.1680434758509589e-07
12,5.0,1.0,1,6.0,1.1680434758509589e-07
12,6.0,0.0,1,6.0,1.1680434758509589e-07
12,6.0,11.0,1,17.0,1.1680434758509589e-07
12,7.0,0.0,1,7.0,1.1680434758509589e-07
12,7.0,1.0,1,8.0,1.1680434758509589e-07
12,7.0,4.0,1,11.0,1.1680434758509589e-07
12,13.0,15.0,1,28.0,1.1680434758509589e-07
14,1.0,1.0,743,2.0,8.688618532248505e-05
14,2.0,2.0,191,4.0,2.2335479672401946e-05
14,0.0,1.0,171,1.0,1.9996685989427917e-05
14,1.0,2.0,96,3.0,1.1226209678275323e-05
14,2.0,3.0,94,5.0,1.0992330309977921e-05
14,3.0,3.0,82,6.0,9.589054100193505e-06
14,4.0,4.0,53,8.0,6.197803259881168e-06
14,1.0,0.0,45,1.0,5.262285786691559e-06
14,3.0,4.0,42,7.0,4.911466734245454e-06
14,4.0,5.0,36,9.0,4.209828629353246e-06
14,4.0,3.0,28,7.0,3.274311156163636e-06
14,3.0,2.0,28,5.0,3.274311156163636e-06
14,5.0,4.0,28,9.0,3.274311156163636e-06
14,5.0,5.0,25,10.0,2.9234921037175325e-06
14,2.0,4.0,25,6.0,2.9234921037175325e-06
14,2.0,1.0,23,3.0,2.6896127354201294e-06
14,6.0,5.0,18,11.0,2.104914314676623e-06
14,5.0,6.0,18,11.0,2.104914314676623e-06
14,1.0,3.0,18,4.0,2.104914314676623e-06
14,6.0,6.0,17,12.0,1.987974630527922e-06
14,3.0,5.0,16,8.0,1.8710349463792206e-06
14,3.0,6.0,14,9.0,1.637155578081818e-06
14,0.0,2.0,14,2.0,1.637155578081818e-06
14,4.0,6.0,14,10.0,1.637155578081818e-06
14,3.0,0.0,13,3.0,1.5202158939331167e-06
14,2.0,0.0,13,2.0,1.5202158939331167e-06
14,1.5,1.5,12,3.0,1.4032762097844154e-06
14,2.0,5.0,12,7.0,1.4032762097844154e-06
14,7.0,7.0,12,14.0,1.4032762097844154e-06
14,4.0,2.0,10,6.0,1.1693968414870129e-06
14,5.0,3.0,9,8.0,1.0524571573383115e-06
14,5.0,7.0,9,12.0,1.0524571573383115e-06
14,4.0,7.0,9,11.0,1.0524571573383115e-06
14,6.0,9.0,8,15.0,9.355174731896103e-07
14,6.0,4.0,8,10.0,9.355174731896103e-07
14,3.0,1.0,7,4.0,8.18577789040909e-07
14,7.0,6.0,7,13.0,8.18577789040909e-07
14,6.0,7.0,7,13.0,8.18577789040909e-07
14,6.0,8.0,6,14.0,7.016381048922077e-07
14,7.0,5.0,6,12.0,7.016381048922077e-07
14,1.0,4.0,6,5.0,7.016381048922077e-07
14,5.0,8.0,5,13.0,5.846984207435064e-07
14,9.0,8.0,5,17.0,5.846984207435064e-07
14,8.0,8.0,5,16.0,5.846984207435064e-07
14,4.0,8.0,4,12.0,4.6775873659480514e-07
14,2.5,2.5,4,5.0,4.6775873659480514e-07
14,7.0,4.0,4,11.0,4.6775873659480514e-07
14,7.0,8.0,4,15.0,4.6775873659480514e-07
14,7.0,9.0,4,16.0,4.6775873659480514e-07
14,2.0,6.0,4,8.0,4.6775873659480514e-07
14,8.0,9.0,4,17.0,4.6775873659480514e-07
14,0.0,3.0,4,3.0,4.6775873659480514e-07
14,-1.0,4.0,4,3.0,4.6775873659480514e-07
14,11.0,11.0,4,22.0,4.6775873659480514e-07
14,6.0,2.0,3,8.0,3.5081905244610384e-07
14,7.0,10.0,3,17.0,3.5081905244610384e-07
14,8.0,6.0,3,14.0,3.5081905244610384e-07
14,8.0,7.0,3,15.0,3.5081905244610384e-07
14,9.0,9.0,3,18.0,3.5081905244610384e-07
14,-1.0,1.0,3,0.0,3.5081905244610384e-07
14,5.0,11.0,3,16.0,3.5081905244610384e-07
14,1.0,6.0,3,7.0,3.5081905244610384e-07
14,3.0,7.0,3,10.0,3.5081905244610384e-07
14,-1.0,2.0,3,1.0,3.5081905244610384e-07
14,5.0,2.0,3,7.0,3.5081905244610384e-07
14,1.0,5.0,3,6.0,3.5081905244610384e-07
14,2.0,7.0,3,9.0,3.5081905244610384e-07
14,3.5,3.5,3,7.0,3.5081905244610384e-07
14,9.0,12.0,2,21.0,2.3387936829740257e-07
14,9.0,11.0,2,20.0,2.3387936829740257e-07
14,9.0,6.0,2,15.0,2.3387936829740257e-07
14,6.0,3.0,2,9.0,2.3387936829740257e-07
14,0.0,4.0,2,4.0,2.3387936829740257e-07
14,11.0,7.0,2,18.0,2.3387936829740257e-07
14,0.5,0.5,2,1.0,2.3387936829740257e-07
14,7.0,11.0,2,18.0,2.3387936829740257e-07
14,10.0,6.0,2,16.0,2.3387936829740257e-07
14,13.0,12.0,2,25.0,2.3387936829740257e-07
14,4.0,0.0,2,4.0,2.3387936829740257e-07
14,5.0,9.0,2,14.0,2.3387936829740257e-07
14,12.0,13.0,2,25.0,2.3387936829740257e-07
14,6.0,11.0,2,17.0,2.3387936829740257e-07
14,4.5,4.5,2,9.0,2.3387936829740257e-07
14,13.0,14.0,1,27.0,1.1693968414870128e-07
14,10.0,9.0,1,19.0,1.1693968414870128e-07
14,14.0,12.0,1,26.0,1.1693968414870128e-07
14,10.0,10.0,1,20.0,1.1693968414870128e-07
14,10.0,12.0,1,22.0,1.1693968414870128e-07
14,10.0,14.0,1,24.0,1.1693968414870128e-07
14,11.5,11.5,1,23.0,1.1693968414870128e-07
14,11.0,6.0,1,17.0,1.1693968414870128e-07
14,11.0,16.0,1,27.0,1.1693968414870128e-07
14,12.0,10.0,1,22.0,1.1693968414870128e-07
14,11.0,10.0,1,21.0,1.1693968414870128e-07
14,-1.0,3.0,1,2.0,1.1693968414870128e-07
14,11.0,12.0,1,23.0,1.1693968414870128e-07
14,12.0,9.0,1,21.0,1.1693968414870128e-07
14,10.0,8.0,1,18.0,1.1693968414870128e-07
14,5.5,5.5,1,11.0,1.1693968414870128e-07
14,8.0,15.0,1,23.0,1.1693968414870128e-07
14,10.0,7.0,1,17.0,1.1693968414870128e-07
14,2.0,10.0,1,12.0,1.1693968414870128e-07
14,5.0,10.0,1,15.0,1.1693968414870128e-07
14,4.0,1.0,1,5.0,1.1693968414870128e-07
14,6.0,10.0,1,16.0,1.1693968414870128e-07
14,6.0,13.0,1,19.0,1.1693968414870128e-07
14,7.0,0.0,1,7.0,1.1693968414870128e-07
14,7.0,1.0,1,8.0,1.1693968414870128e-07
14,3.0,8.0,1,11.0,1.1693968414870128e-07
14,7.0,12.0,1,19.0,1.1693968414870128e-07
14,9.0,13.0,1,22.0,1.1693968414870128e-07
14,8.0,4.0,1,12.0,1.1693968414870128e-07
14,8.0,5.0,1,13.0,1.1693968414870128e-07
14,0.0,5.0,1,5.0,1.1693968414870128e-07
14,8.0,10.0,1,18.0,1.1693968414870128e-07
14,9.0,7.0,1,16.0,1.1693968414870128e-07
14,-1.0,7.0,1,6.0,1.1693968414870128e-07
14,-1.0,5.0,1,4.0,1.1693968414870128e-07
14,16.0,10.0,1,26.0,1.1693968414870128e-07
16,1.0,1.0,862,2.0,0.00010085855840032103
16,0.0,1.0,210,1.0,2.4571110515159414e-05
16,2.0,2.0,157,4.0,1.836983024228585e-05
16,1.0,2.0,97,3.0,1.13495129522403e-05
16,3.0,3.0,83,6.0,9.711438917896339e-06
16,2.0,3.0,78,5.0,9.12641247705921e-06
16,4.0,4.0,59,8.0,6.90331200187812e-06
16,3.0,4.0,44,7.0,5.1482326793667345e-06
16,4.0,3.0,42,7.0,4.914222103031883e-06
16,4.0,5.0,41,9.0,4.797216814864457e-06
16,1.0,0.0,40,1.0,4.680211526697031e-06
16,2.0,4.0,36,6.0,4.212190374027329e-06
16,5.0,5.0,33,10.0,3.8611745095250505e-06
16,5.0,4.0,32,9.0,3.744169221357625e-06
16,2.0,1.0,31,3.0,3.6271639331901997e-06
16,3.0,2.0,27,5.0,3.1591427805204964e-06
16,3.0,5.0,26,8.0,3.04213749235307e-06
16,4.0,6.0,26,10.0,3.04213749235307e-06
16,1.0,3.0,22,4.0,2.5741163396833673e-06
16,6.0,6.0,20,12.0,2.3401057633485156e-06
16,5.0,6.0,20,11.0,2.3401057633485156e-06
16,6.0,5.0,16,11.0,1.8720846106788125e-06
16,2.0,0.0,15,2.0,1.7550793225113867e-06
16,3.0,6.0,15,9.0,1.7550793225113867e-06
16,6.0,7.0,15,13.0,1.7550793225113867e-06
16,4.0,2.0,14,6.0,1.6380740343439609e-06
16,6.0,8.0,14,14.0,1.6380740343439609e-06
16,3.0,0.0,13,3.0,1.521068746176535e-06
16,2.0,5.0,12,7.0,1.4040634580091095e-06
16,5.0,7.0,11,12.0,1.2870581698416836e-06
16,7.0,6.0,11,13.0,1.2870581698416836e-06
16,8.0,6.0,10,14.0,1.1700528816742578e-06
16,1.0,4.0,10,5.0,1.1700528816742578e-06
16,3.0,1.0,9,4.0,1.0530475935068322e-06
16,7.0,8.0,9,15.0,1.0530475935068322e-06
16,7.0,7.0,9,14.0,1.0530475935068322e-06
16,5.0,3.0,9,8.0,1.0530475935068322e-06
16,7.0,5.0,8,12.0,9.360423053394063e-07
16,6.0,4.0,8,10.0,9.360423053394063e-07
16,5.0,2.0,6,7.0,7.020317290045547e-07
16,5.0,8.0,6,13.0,7.020317290045547e-07
16,5.0,9.0,6,14.0,7.020317290045547e-07
16,4.5,4.5,6,9.0,7.020317290045547e-07
16,6.0,2.0,6,8.0,7.020317290045547e-07
16,8.0,7.0,6,15.0,7.020317290045547e-07
16,0.0,2.0,6,2.0,7.020317290045547e-07
16,2.0,6.0,6,8.0,7.020317290045547e-07
16,1.5,1.5,6,3.0,7.020317290045547e-07
16,9.0,8.0,6,17.0,7.020317290045547e-07
16,3.5,3.5,5,7.0,5.850264408371289e-07
16,6.0,1.0,5,7.0,5.850264408371289e-07
16,-1.0,3.0,5,2.0,5.850264408371289e-07
16,10.0,10.0,5,20.0,5.850264408371289e-07
16,9.0,9.0,5,18.0,5.850264408371289e-07
16,8.0,8.0,5,16.0,5.850264408371289e-07
16,6.0,3.0,5,9.0,5.850264408371289e-07
16,6.0,9.0,5,15.0,5.850264408371289e-07
16,-1.0,2.0,5,1.0,5.850264408371289e-07
16,6.0,12.0,4,18.0,4.6802115266970313e-07
16,8.0,10.0,4,18.0,4.6802115266970313e-07
16,7.0,4.0,4,11.0,4.6802115266970313e-07
16,4.0,7.0,4,11.0,4.6802115266970313e-07
16,8.0,5.0,4,13.0,4.6802115266970313e-07
16,3.0,7.0,4,10.0,4.6802115266970313e-07
16,1.0,5.0,4,6.0,4.6802115266970313e-07
16,7.0,9.0,3,16.0,3.5101586450227736e-07
16,8.0,9.0,3,17.0,3.5101586450227736e-07
16,9.0,6.0,3,15.0,3.5101586450227736e-07
16,10.0,8.0,3,18.0,3.5101586450227736e-07
16,10.0,9.0,3,19.0,3.5101586450227736e-07
16,7.0,13.0,3,20.0,3.5101586450227736e-07
16,12.0,11.0,3,23.0,3.5101586450227736e-07
16,-1.0,1.0,3,0.0,3.5101586450227736e-07
16,4.0,9.0,3,13.0,3.5101586450227736e-07
16,5.0,0.0,3,5.0,3.5101586450227736e-07
16,4.0,11.0,3,15.0,3.5101586450227736e-07
16,0.0,3.0,3,3.0,3.5101586450227736e-07
16,4.0,0.0,3,4.0,3.5101586450227736e-07
16,4.0,1.0,3,5.0,3.5101586450227736e-07
16,4.0,8.0,3,12.0,3.5101586450227736e-07
16,5.5,5.5,2,11.0,2.3401057633485157e-07
16,9.0,3.0,2,12.0,2.3401057633485157e-07
16,0.0,6.0,2,6.0,2.3401057633485157e-07
16,0.0,5.0,2,5.0,2.3401057633485157e-07
16,0.0,4.0,2,4.0,2.3401057633485157e-07
16,9.0,12.0,2,21.0,2.3401057633485157e-07
16,9.0,10.0,2,19.0,2.3401057633485157e-07
16,8.0,11.0,2,19.0,2.3401057633485157e-07
16,10.0,5.0,2,15.0,2.3401057633485157e-07
16,10.0,7.0,2,17.0,2.3401057633485157e-07
16,-1.0,5.0,2,4.0,2.3401057633485157e-07
16,11.0,8.0,2,19.0,2.3401057633485157e-07
16,12.0,13.0,2,25.0,2.3401057633485157e-07
16,8.0,12.0,2,20.0,2.3401057633485157e-07
16,9.0,5.0,2,14.0,2.3401057633485157e-07
16,17.0,9.0,2,26.0,2.3401057633485157e-07
16,7.0,10.0,2,17.0,2.3401057633485157e-07
16,5.0,10.0,2,15.0,2.3401057633485157e-07
16,4.0,10.0,2,14.0,2.3401057633485157e-07
16,2.5,2.5,2,5.0,2.3401057633485157e-07
16,7.0,12.0,2,19.0,2.3401057633485157e-07
16,7.0,3.0,2,10.0,2.3401057633485157e-07
16,11.0,9.0,1,20.0,1.1700528816742578e-07
16,11.0,10.0,1,21.0,1.1700528816742578e-07
16,11.0,11.0,1,22.0,1.1700528816742578e-07
16,12.0,8.0,1,20.0,1.1700528816742578e-07
16,12.0,9.0,1,21.0,1.1700528816742578e-07
16,-1.0,4.0,1,3.0,1.1700528816742578e-07
16,12.0,12.0,1,24.0,1.1700528816742578e-07
16,12.0,17.0,1,29.0,1.1700528816742578e-07
16,5.0,11.0,1,16.0,1.1700528816742578e-07
16,11.0,6.0,1,17.0,1.1700528816742578e-07
16,13.0,8.0,1,21.0,1.1700528816742578e-07
16,13.0,10.0,1,23.0,1.1700528816742578e-07
16,13.0,12.0,1,25.0,1.1700528816742578e-07
16,14.0,9.0,1,23.0,1.1700528816742578e-07
16,14.0,11.0,1,25.0,1.1700528816742578e-07
16,14.0,12.0,1,26.0,1.1700528816742578e-07
16,15.0,10.0,1,25.0,1.1700528816742578e-07
16,16.0,12.0,1,28.0,1.1700528816742578e-07
16,16.0,15.0,1,31.0,1.1700528816742578e-07
16,11.0,7.0,1,18.0,1.1700528816742578e-07
16,8.0,2.0,1,10.0,1.1700528816742578e-07
16,10.0,11.0,1,21.0,1.1700528816742578e-07
16,6.0,10.0,1,16.0,1.1700528816742578e-07
16,2.0,9.0,1,11.0,1.1700528816742578e-07
16,2.0,7.0,1,9.0,1.1700528816742578e-07
16,1.0,8.0,1,9.0,1.1700528816742578e-07
16,1.0,7.0,1,8.0,1.1700528816742578e-07
16,0.5,0.5,1,1.0,1.1700528816742578e-07
16,0.0,8.0,1,8.0,1.1700528816742578e-07
16,8.0,13.0,1,21.0,1.1700528816742578e-07
16,9.0,2.0,1,11.0,1.1700528816742578e-07
16,7.0,11.0,1,18.0,1.1700528816742578e-07
16,9.0,4.0,1,13.0,1.1700528816742578e-07
16,5.0,12.0,1,17.0,1.1700528816742578e-07
16,9.0,7.0,1,16.0,1.1700528816742578e-07
16,3.0,8.0,1,11.0,1.1700528816742578e-07
16,3.0,9.0,1,12.0,1.1700528816742578e-07
16,7.0,2.0,1,9.0,1.1700528816742578e-07
16,9.0,13.0,1,22.0,1.1700528816742578e-07
16,6.0,14.0,1,20.0,1.1700528816742578e-07
16,6.0,13.0,1,19.0,1.1700528816742578e-07
16,8.0,4.0,1,12.0,1.1700528816742578e-07
16,-1.0,6.0,1,5.0,1.1700528816742578e-07
18,1.0,1.0,924,2.0,0.00010844056691319487
18,0.0,1.0,257,1.0,3.0161499671743592e-05
18,2.0,2.0,178,4.0,2.0890065920507234e-05
18,1.0,2.0,128,3.0,1.5022069875420933e-05
18,3.0,3.0,115,6.0,1.3496390903698494e-05
18,2.0,3.0,70,5.0,8.215194463120821e-06
18,3.0,4.0,58,7.0,6.806875412300111e-06
18,1.0,0.0,54,1.0,6.337435728693206e-06
18,4.0,4.0,47,8.0,5.515916282381124e-06
18,4.0,5.0,43,9.0,5.046476598774219e-06
18,3.0,2.0,41,5.0,4.811756756970767e-06
18,4.0,3.0,40,7.0,4.694396836069042e-06
18,5.0,5.0,39,10.0,4.577036915167315e-06
18,2.0,1.0,34,3.0,3.990237310658685e-06
18,2.0,4.0,32,6.0,3.755517468855233e-06
18,5.0,6.0,28,11.0,3.286077785248329e-06
18,6.0,6.0,24,12.0,2.816638101641425e-06
18,6.0,5.0,23,11.0,2.699278180739699e-06
18,1.0,3.0,23,4.0,2.699278180739699e-06
18,5.0,4.0,23,9.0,2.699278180739699e-06
18,7.0,7.0,22,14.0,2.5819182598379727e-06
18,6.0,7.0,20,13.0,2.347198418034521e-06
18,3.0,6.0,19,9.0,2.229838497132795e-06
18,3.0,5.0,18,8.0,2.1124785762310688e-06
18,2.0,0.0,17,2.0,1.9951186553293427e-06
18,5.0,3.0,17,8.0,1.9951186553293427e-06
18,4.0,6.0,16,10.0,1.8777587344276166e-06
18,5.0,7.0,14,12.0,1.6430388926241644e-06
18,6.0,4.0,13,10.0,1.5256789717224383e-06
18,0.0,2.0,12,2.0,1.4083190508207125e-06
18,8.0,6.0,11,14.0,1.2909591299189864e-06
18,8.0,8.0,11,16.0,1.2909591299189864e-06
18,1.5,1.5,11,3.0,1.2909591299189864e-06
18,4.0,2.0,10,6.0,1.1735992090172605e-06
18,3.0,0.0,10,3.0,1.1735992090172605e-06
18,7.0,5.0,10,12.0,1.1735992090172605e-06
18,6.0,8.0,9,14.0,1.0562392881155344e-06
18,7.0,6.0,9,13.0,1.0562392881155344e-06
18,4.0,7.0,9,11.0,1.0562392881155344e-06
18,2.0,6.0,9,8.0,1.0562392881155344e-06
18,8.0,5.0,8,13.0,9.388793672138083e-07
18,7.0,9.0,8,16.0,9.388793672138083e-07
18,7.0,8.0,8,15.0,9.388793672138083e-07
18,9.0,7.0,8,16.0,9.388793672138083e-07
18,1.0,4.0,8,5.0,9.388793672138083e-07
18,-1.0,2.0,7,1.0,8.215194463120822e-07
18,9.0,8.0,7,17.0,8.215194463120822e-07
18,3.0,1.0,7,4.0,8.215194463120822e-07
18,6.0,9.0,6,15.0,7.041595254103562e-07
18,2.5,2.5,6,5.0,7.041595254103562e-07
18,6.0,3.0,6,9.0,7.041595254103562e-07
18,5.0,8.0,6,13.0,7.041595254103562e-07
18,4.0,1.0,6,5.0,7.041595254103562e-07
18,3.0,7.0,6,10.0,7.041595254103562e-07
18,2.0,5.0,6,7.0,7.041595254103562e-07
18,8.0,7.0,6,15.0,7.041595254103562e-07
18,7.0,3.0,5,10.0,5.867996045086302e-07
18,0.0,3.0,5,3.0,5.867996045086302e-07
18,5.0,10.0,5,15.0,5.867996045086302e-07
18,0.0,4.0,4,4.0,4.6943968360690415e-07
18,6.0,2.0,4,8.0,4.6943968360690415e-07
18,5.0,9.0,4,14.0,4.6943968360690415e-07
18,5.0,0.0,4,5.0,4.6943968360690415e-07
18,9.0,9.0,4,18.0,4.6943968360690415e-07
18,1.0,5.0,4,6.0,4.6943968360690415e-07
18,4.0,0.0,4,4.0,4.6943968360690415e-07
18,3.0,8.0,4,11.0,4.6943968360690415e-07
18,11.0,13.0,4,24.0,4.6943968360690415e-07
18,0.5,0.5,3,1.0,3.520797627051781e-07
18,9.0,6.0,3,15.0,3.520797627051781e-07
18,9.0,5.0,3,14.0,3.520797627051781e-07
18,3.0,9.0,3,12.0,3.520797627051781e-07
18,7.0,10.0,3,17.0,3.520797627051781e-07
18,0.0,6.0,3,6.0,3.520797627051781e-07
18,5.0,11.0,3,16.0,3.520797627051781e-07
18,5.0,1.0,3,6.0,3.520797627051781e-07
18,5.0,2.0,3,7.0,3.520797627051781e-07
18,7.0,2.0,3,9.0,3.520797627051781e-07
18,7.0,4.0,2,11.0,2.3471984180345208e-07
18,10.0,12.0,2,22.0,2.3471984180345208e-07
18,8.0,3.0,2,11.0,2.3471984180345208e-07
18,7.0,11.0,2,18.0,2.3471984180345208e-07
18,-1.0,3.0,2,2.0,2.3471984180345208e-07
18,12.0,7.0,2,19.0,2.3471984180345208e-07
18,2.0,8.0,2,10.0,2.3471984180345208e-07
18,10.0,9.0,2,19.0,2.3471984180345208e-07
18,8.0,9.0,2,17.0,2.3471984180345208e-07
18,14.0,8.0,2,22.0,2.3471984180345208e-07
18,6.0,11.0,2,17.0,2.3471984180345208e-07
18,1.0,6.0,2,7.0,2.3471984180345208e-07
18,4.0,8.0,2,12.0,2.3471984180345208e-07
18,9.0,11.0,2,20.0,2.3471984180345208e-07
18,4.0,10.0,2,14.0,2.3471984180345208e-07
18,4.5,4.5,2,9.0,2.3471984180345208e-07
18,10.0,6.0,2,16.0,2.3471984180345208e-07
18,5.5,5.5,2,11.0,2.3471984180345208e-07
18,9.0,10.0,2,19.0,2.3471984180345208e-07
18,12.0,11.0,2,23.0,2.3471984180345208e-07
18,10.0,10.0,1,20.0,1.1735992090172604e-07
18,10.0,8.0,1,18.0,1.1735992090172604e-07
18,10.0,11.0,1,21.0,1.1735992090172604e-07
18,10.0,13.0,1,23.0,1.1735992090172604e-07
18,-1.0,1.0,1,0.0,1.1735992090172604e-07
18,10.0,17.0,1,27.0,1.1735992090172604e-07
18,11.0,2.0,1,13.0,1.1735992090172604e-07
18,11.0,6.0,1,17.0,1.1735992090172604e-07
18,11.0,8.0,1,19.0,1.1735992090172604e-07
18,11.0,10.0,1,21.0,1.1735992090172604e-07
18,11.0,11.0,1,22.0,1.1735992090172604e-07
18,11.0,12.0,1,23.0,1.1735992090172604e-07
18,12.0,18.0,1,30.0,1.1735992090172604e-07
18,13.0,6.0,1,19.0,1.1735992090172604e-07
18,13.0,13.0,1,26.0,1.1735992090172604e-07
18,14.0,16.0,1,30.0,1.1735992090172604e-07
18,15.0,9.0,1,24.0,1.1735992090172604e-07
18,15.0,13.0,1,28.0,1.1735992090172604e-07
18,10.0,7.0,1,17.0,1.1735992090172604e-07
18,6.0,1.0,1,7.0,1.1735992090172604e-07
18,10.0,5.0,1,15.0,1.1735992090172604e-07
18,4.0,11.0,1,15.0,1.1735992090172604e-07
18,-1.0,5.0,1,4.0,1.1735992090172604e-07
18,-1.0,6.0,1,5.0,1.1735992090172604e-07
18,0.0,8.0,1,8.0,1.1735992090172604e-07
18,0.0,12.0,1,12.0,1.1735992090172604e-07
18,1.0,7.0,1,8.0,1.1735992090172604e-07
18,1.0,9.0,1,10.0,1.1735992090172604e-07
18,2.0,7.0,1,9.0,1.1735992090172604e-07
18,2.0,9.0,1,11.0,1.1735992090172604e-07
18,3.0,11.0,1,14.0,1.1735992090172604e-07
18,4.0,9.0,1,13.0,1.1735992090172604e-07
18,6.0,12.0,1,18.0,1.1735992090172604e-07
18,9.0,12.0,1,21.0,1.1735992090172604e-07
18,6.0,14.0,1,20.0,1.1735992090172604e-07
18,7.0,0.0,1,7.0,1.1735992090172604e-07
18,7.0,13.0,1,20.0,1.1735992090172604e-07
18,8.0,1.0,1,9.0,1.1735992090172604e-07
18,8.0,4.0,1,12.0,1.1735992090172604e-07
18,8.0,10.0,1,18.0,1.1735992090172604e-07
18,8.0,11.0,1,19.0,1.1735992090172604e-07
18,9.0,1.0,1,10.0,1.1735992090172604e-07
18,9.0,3.0,1,12.0,1.1735992090172604e-07
18,9.0,4.0,1,13.0,1.1735992090172604e-07
18,17.0,11.0,1,28.0,1.1735992090172604e-07
20,1.0,1.0,976,2.0,0.0001159063952704233
20,0.0,1.0,335,1.0,3.9783445097942426e-05
20,2.0,2.0,197,4.0,2.339504084864077e-05
20,3.0,3.0,98,6.0,1.16381421480548e-05
20,1.0,2.0,96,3.0,1.1400629042992456e-05
20,2.0,3.0,64,5.0,7.60041936199497e-06
20,3.0,4.0,63,7.0,7.481662809463799e-06
20,4.0,4.0,55,8.0,6.531610389214428e-06
20,4.0,5.0,48,9.0,5.700314521496228e-06
20,3.0,2.0,48,5.0,5.700314521496228e-06
20,5.0,4.0,46,9.0,5.462801416433884e-06
20,1.0,0.0,45,1.0,5.3440448639027124e-06
20,4.0,3.0,40,7.0,4.750262101246856e-06
20,2.0,1.0,38,3.0,4.512748996184513e-06
20,5.0,5.0,37,10.0,4.3939924436533415e-06
20,5.0,6.0,33,11.0,3.918966233528656e-06
20,2.0,4.0,31,6.0,3.6814531284663137e-06
20,3.0,5.0,31,8.0,3.6814531284663137e-06
20,1.0,3.0,28,4.0,3.3251834708727996e-06
20,4.0,6.0,27,10.0,3.2064269183416282e-06
20,4.0,2.0,23,6.0,2.731400708216942e-06
20,7.0,7.0,22,14.0,2.6126441556857705e-06
20,6.0,4.0,21,10.0,2.4938876031545996e-06
20,5.0,7.0,20,12.0,2.375131050623428e-06
20,2.0,0.0,20,2.0,2.375131050623428e-06
20,6.0,6.0,20,12.0,2.375131050623428e-06
20,6.0,7.0,19,13.0,2.2563744980922564e-06
20,3.0,6.0,17,9.0,2.0188613930299137e-06
20,5.0,3.0,17,8.0,2.0188613930299137e-06
20,3.0,1.0,17,4.0,2.0188613930299137e-06
20,2.0,5.0,16,7.0,1.9001048404987425e-06
20,1.5,1.5,16,3.0,1.9001048404987425e-06
20,6.0,5.0,16,11.0,1.9001048404987425e-06
20,7.0,6.0,15,13.0,1.7813482879675712e-06
20,8.0,5.0,15,13.0,1.7813482879675712e-06
20,4.0,7.0,15,11.0,1.7813482879675712e-06
20,6.0,8.0,13,14.0,1.5438351829052284e-06
20,2.5,2.5,12,5.0,1.425078630374057e-06
20,7.0,5.0,12,12.0,1.425078630374057e-06
20,1.0,5.0,12,6.0,1.425078630374057e-06
20,1.0,4.0,11,5.0,1.3063220778428853e-06
20,3.0,0.0,10,3.0,1.187565525311714e-06
20,6.0,2.0,10,8.0,1.187565525311714e-06
20,3.0,8.0,10,11.0,1.187565525311714e-06
20,8.0,6.0,10,14.0,1.187565525311714e-06
20,7.0,9.0,9,16.0,1.0688089727805425e-06
20,4.0,8.0,9,12.0,1.0688089727805425e-06
20,3.0,7.0,9,10.0,1.0688089727805425e-06
20,8.0,7.0,9,15.0,1.0688089727805425e-06
20,0.0,2.0,8,2.0,9.500524202493713e-07
20,4.0,0.0,8,4.0,9.500524202493713e-07
20,5.0,8.0,8,13.0,9.500524202493713e-07
20,6.0,3.0,8,9.0,9.500524202493713e-07
20,0.0,3.0,7,3.0,8.312958677181999e-07
20,8.0,8.0,7,16.0,8.312958677181999e-07
20,5.0,2.0,7,7.0,8.312958677181999e-07
20,5.0,9.0,7,14.0,8.312958677181999e-07
20,6.0,9.0,6,15.0,7.125393151870285e-07
20,-1.0,2.0,6,1.0,7.125393151870285e-07
20,6.0,10.0,6,16.0,7.125393151870285e-07
20,3.5,3.5,6,7.0,7.125393151870285e-07
20,2.0,6.0,6,8.0,7.125393151870285e-07
20,9.0,9.0,6,18.0,7.125393151870285e-07
20,7.0,8.0,5,15.0,5.93782762655857e-07
20,-1.0,3.0,5,2.0,5.93782762655857e-07
20,8.0,9.0,5,17.0,5.93782762655857e-07
20,9.0,6.0,5,15.0,5.93782762655857e-07
20,5.0,10.0,5,15.0,5.93782762655857e-07
20,0.0,5.0,4,5.0,4.7502621012468563e-07
20,9.0,8.0,4,17.0,4.7502621012468563e-07
20,9.0,5.0,4,14.0,4.7502621012468563e-07
20,0.0,4.0,4,4.0,4.7502621012468563e-07
20,9.0,10.0,4,19.0,4.7502621012468563e-07
20,0.5,0.5,4,1.0,4.7502621012468563e-07
20,1.0,6.0,4,7.0,4.7502621012468563e-07
20,10.0,11.0,4,21.0,4.7502621012468563e-07
20,11.0,8.0,3,19.0,3.5626965759351427e-07
20,10.0,6.0,3,16.0,3.5626965759351427e-07
20,7.0,3.0,3,10.0,3.5626965759351427e-07
20,8.0,2.0,3,10.0,3.5626965759351427e-07
20,7.0,4.0,3,11.0,3.5626965759351427e-07
20,6.0,11.0,3,17.0,3.5626965759351427e-07
20,8.0,11.0,3,19.0,3.5626965759351427e-07
20,-1.0,1.0,3,0.0,3.5626965759351427e-07
20,5.0,0.0,3,5.0,3.5626965759351427e-07
20,12.0,10.0,3,22.0,3.5626965759351427e-07
20,1.0,7.0,3,8.0,3.5626965759351427e-07
20,2.0,7.0,3,9.0,3.5626965759351427e-07
20,11.0,11.0,2,22.0,2.3751310506234282e-07
20,7.0,13.0,2,20.0,2.3751310506234282e-07
20,-1.0,4.0,2,3.0,2.3751310506234282e-07
20,9.0,7.0,2,16.0,2.3751310506234282e-07
20,10.0,8.0,2,18.0,2.3751310506234282e-07
20,10.0,10.0,2,20.0,2.3751310506234282e-07
20,3.0,9.0,2,12.0,2.3751310506234282e-07
20,4.0,1.0,2,5.0,2.3751310506234282e-07
20,7.0,0.0,2,7.0,2.3751310506234282e-07
20,10.0,13.0,2,23.0,2.3751310506234282e-07
20,7.0,12.0,2,19.0,2.3751310506234282e-07
20,7.0,11.0,2,18.0,2.3751310506234282e-07
20,7.0,10.0,2,17.0,2.3751310506234282e-07
20,6.0,0.0,2,6.0,2.3751310506234282e-07
20,4.0,10.0,2,14.0,2.3751310506234282e-07
20,4.0,11.0,2,15.0,2.3751310506234282e-07
20,11.0,7.0,1,18.0,1.1875655253117141e-07
20,10.0,7.0,1,17.0,1.1875655253117141e-07
20,11.0,12.0,1,23.0,1.1875655253117141e-07
20,14.0,16.0,1,30.0,1.1875655253117141e-07
20,14.0,11.0,1,25.0,1.1875655253117141e-07
20,13.0,22.0,1,35.0,1.1875655253117141e-07
20,13.0,12.0,1,25.0,1.1875655253117141e-07
20,13.0,9.0,1,22.0,1.1875655253117141e-07
20,11.0,13.0,1,24.0,1.1875655253117141e-07
20,10.0,5.0,1,15.0,1.1875655253117141e-07
20,12.0,13.0,1,25.0,1.1875655253117141e-07
20,13.0,6.0,1,19.0,1.1875655253117141e-07
20,12.0,14.0,1,26.0,1.1875655253117141e-07
20,10.0,15.0,1,25.0,1.1875655253117141e-07
20,11.0,16.0,1,27.0,1.1875655253117141e-07
20,5.5,5.5,1,11.0,1.1875655253117141e-07
20,9.0,12.0,1,21.0,1.1875655253117141e-07
20,9.0,4.0,1,13.0,1.1875655253117141e-07
20,-1.0,6.0,1,5.0,1.1875655253117141e-07
20,-1.0,7.0,1,6.0,1.1875655253117141e-07
20,-1.0,10.0,1,9.0,1.1875655253117141e-07
20,0.0,6.0,1,6.0,1.1875655253117141e-07
20,0.0,7.0,1,7.0,1.1875655253117141e-07
20,2.0,10.0,1,12.0,1.1875655253117141e-07
20,3.0,12.0,1,15.0,1.1875655253117141e-07
20,4.0,9.0,1,13.0,1.1875655253117141e-07
20,4.0,12.0,1,16.0,1.1875655253117141e-07
20,4.5,4.5,1,9.0,1.1875655253117141e-07
20,5.0,11.0,1,16.0,1.1875655253117141e-07
20,6.0,1.0,1,7.0,1.1875655253117141e-07
20,6.0,12.0,1,18.0,1.1875655253117141e-07
20,7.0,2.0,1,9.0,1.1875655253117141e-07
20,8.0,0.0,1,8.0,1.1875655253117141e-07
20,8.0,3.0,1,11.0,1.1875655253117141e-07
20,8.0,4.0,1,12.0,1.1875655253117141e-07
20,8.0,10.0,1,18.0,1.1875655253117141e-07
20,8.0,13.0,1,21.0,1.1875655253117141e-07
20,9.0,2.0,1,11.0,1.1875655253117141e-07
20,9.0,3.0,1,12.0,1.1875655253117141e-07
20,16.0,18.0,1,34.0,1.1875655253117141e-07
