channel_width,channel_length,interval,end,n_simulations,n_pulses,n_fronts_received
6,1000,30,2,30,500,15031
6,1000,30,10,30,500,4928
6,1000,30,20,30,500,4077
6,1000,30,30,30,500,3793
6,1000,30,40,30,500,3606
6,1000,30,50,30,500,3488
6,1000,30,60,30,500,3403
6,1000,30,70,30,500,3355
6,1000,30,80,30,500,3272
6,1000,30,90,30,500,3219
6,1000,30,100,30,500,3154
6,1000,30,110,30,500,3115
6,1000,30,120,30,500,3087
6,1000,30,130,30,500,3043
6,1000,30,140,30,500,3017
6,1000,30,150,30,500,2989
6,1000,30,160,30,500,2968
6,1000,30,170,30,500,2944
6,1000,30,180,30,500,2922
6,1000,30,190,30,500,2895
6,1000,30,200,30,500,2882
6,1000,30,210,30,500,2862
6,1000,30,220,30,500,2853
6,1000,30,230,30,500,2813
6,1000,30,240,30,500,2809
6,1000,30,250,30,500,2795
6,1000,30,260,30,500,2770
6,1000,30,270,30,500,2752
6,1000,30,280,30,500,2737
6,1000,30,290,30,500,2733
6,1000,30,300,30,500,2706
6,1000,30,310,30,500,2694
6,1000,30,320,30,500,2684
6,1000,30,330,30,500,2670
6,1000,30,340,30,500,2654
6,1000,30,350,30,500,2633
6,1000,30,360,30,500,2614
6,1000,30,370,30,500,2609
6,1000,30,380,30,500,2598
6,1000,30,390,30,500,2592
6,1000,30,400,30,500,2582
6,1000,30,410,30,500,2570
6,1000,30,420,30,500,2567
6,1000,30,430,30,500,2547
6,1000,30,440,30,500,2547
6,1000,30,450,30,500,2532
6,1000,30,460,30,500,2523
6,1000,30,470,30,500,2515
6,1000,30,480,30,500,2519
6,1000,30,490,30,500,2512
6,1000,30,500,30,500,2505
6,1000,30,510,30,500,2493
6,1000,30,520,30,500,2489
6,1000,30,530,30,500,2474
6,1000,30,540,30,500,2474
6,1000,30,550,30,500,2456
6,1000,30,560,30,500,2448
6,1000,30,570,30,500,2440
6,1000,30,580,30,500,2433
6,1000,30,590,30,500,2433
6,1000,30,600,30,500,2417
6,1000,30,610,30,500,2406
6,1000,30,620,30,500,2395
6,1000,30,630,30,500,2385
6,1000,30,640,30,500,2389
6,1000,30,650,30,500,2374
6,1000,30,660,30,500,2371
6,1000,30,670,30,500,2364
6,1000,30,680,30,500,2362
6,1000,30,690,30,500,2350
6,1000,30,700,30,500,2344
6,1000,30,710,30,500,2339
6,1000,30,720,30,500,2331
6,1000,30,730,30,500,2323
6,1000,30,740,30,500,2323
6,1000,30,750,30,500,2310
6,1000,30,760,30,500,2309
6,1000,30,770,30,500,2309
6,1000,30,780,30,500,2300
6,1000,30,790,30,500,2300
6,1000,30,800,30,500,2287
6,1000,30,810,30,500,2285
6,1000,30,820,30,500,2277
6,1000,30,830,30,500,2273
6,1000,30,840,30,500,2258
6,1000,30,850,30,500,2253
6,1000,30,860,30,500,2245
6,1000,30,870,30,500,2237
6,1000,30,880,30,500,2244
6,1000,30,890,30,500,2229
6,1000,30,900,30,500,2230
6,1000,30,910,30,500,2220
6,1000,30,920,30,500,2215
6,1000,30,930,30,500,2210
6,1000,30,940,30,500,2199
6,1000,30,950,30,500,2196
6,1000,30,960,30,500,2186
6,1000,30,970,30,500,2179
6,1000,30,980,30,500,2175
6,1000,30,990,30,500,2169
6,1000,30,1000,30,500,2153
6,1000,40,2,30,500,15032
6,1000,40,10,30,500,6591
6,1000,40,20,30,500,5582
6,1000,40,30,30,500,5148
6,1000,40,40,30,500,4878
6,1000,40,50,30,500,4690
6,1000,40,60,30,500,4536
6,1000,40,70,30,500,4432
6,1000,40,80,30,500,4349
6,1000,40,90,30,500,4263
6,1000,40,100,30,500,4204
6,1000,40,110,30,500,4141
6,1000,40,120,30,500,4081
6,1000,40,130,30,500,4056
6,1000,40,140,30,500,3999
6,1000,40,150,30,500,3956
6,1000,40,160,30,500,3925
6,1000,40,170,30,500,3898
6,1000,40,180,30,500,3866
6,1000,40,190,30,500,3832
6,1000,40,200,30,500,3797
6,1000,40,210,30,500,3778
6,1000,40,220,30,500,3747
6,1000,40,230,30,500,3736
6,1000,40,240,30,500,3702
6,1000,40,250,30,500,3688
6,1000,40,260,30,500,3655
6,1000,40,270,30,500,3633
6,1000,40,280,30,500,3625
6,1000,40,290,30,500,3606
6,1000,40,300,30,500,3588
6,1000,40,310,30,500,3570
6,1000,40,320,30,500,3557
6,1000,40,330,30,500,3536
6,1000,40,340,30,500,3525
6,1000,40,350,30,500,3503
6,1000,40,360,30,500,3479
6,1000,40,370,30,500,3471
6,1000,40,380,30,500,3445
6,1000,40,390,30,500,3440
6,1000,40,400,30,500,3429
6,1000,40,410,30,500,3416
6,1000,40,420,30,500,3392
6,1000,40,430,30,500,3384
6,1000,40,440,30,500,3372
6,1000,40,450,30,500,3361
6,1000,40,460,30,500,3345
6,1000,40,470,30,500,3333
6,1000,40,480,30,500,3320
6,1000,40,490,30,500,3313
6,1000,40,500,30,500,3299
6,1000,40,510,30,500,3287
6,1000,40,520,30,500,3276
6,1000,40,530,30,500,3272
6,1000,40,540,30,500,3259
6,1000,40,550,30,500,3238
6,1000,40,560,30,500,3236
6,1000,40,570,30,500,3219
6,1000,40,580,30,500,3210
6,1000,40,590,30,500,3198
6,1000,40,600,30,500,3190
6,1000,40,610,30,500,3184
6,1000,40,620,30,500,3178
6,1000,40,630,30,500,3168
6,1000,40,640,30,500,3168
6,1000,40,650,30,500,3152
6,1000,40,660,30,500,3149
6,1000,40,670,30,500,3136
6,1000,40,680,30,500,3120
6,1000,40,690,30,500,3112
6,1000,40,700,30,500,3103
6,1000,40,710,30,500,3090
6,1000,40,720,30,500,3090
6,1000,40,730,30,500,3090
6,1000,40,740,30,500,3075
6,1000,40,750,30,500,3062
6,1000,40,760,30,500,3057
6,1000,40,770,30,500,3046
6,1000,40,780,30,500,3035
6,1000,40,790,30,500,3030
6,1000,40,800,30,500,3022
6,1000,40,810,30,500,3024
6,1000,40,820,30,500,3015
6,1000,40,830,30,500,3013
6,1000,40,840,30,500,3007
6,1000,40,850,30,500,2999
6,1000,40,860,30,500,2991
6,1000,40,870,30,500,2994
6,1000,40,880,30,500,2973
6,1000,40,890,30,500,2970
6,1000,40,900,30,500,2949
6,1000,40,910,30,500,2957
6,1000,40,920,30,500,2945
6,1000,40,930,30,500,2934
6,1000,40,940,30,500,2925
6,1000,40,950,30,500,2918
6,1000,40,960,30,500,2909
6,1000,40,970,30,500,2902
6,1000,40,980,30,500,2900
6,1000,40,990,30,500,2885
6,1000,40,1000,30,500,2875
6,1000,50,2,30,500,15029
6,1000,50,10,30,500,7682
6,1000,50,20,30,500,6822
6,1000,50,30,30,500,6477
6,1000,50,40,30,500,6227
6,1000,50,50,30,500,6028
6,1000,50,60,30,500,5858
6,1000,50,70,30,500,5692
6,1000,50,80,30,500,5553
6,1000,50,90,30,500,5471
6,1000,50,100,30,500,5360
6,1000,50,110,30,500,5288
6,1000,50,120,30,500,5187
6,1000,50,130,30,500,5127
6,1000,50,140,30,500,5073
6,1000,50,150,30,500,5015
6,1000,50,160,30,500,4962
6,1000,50,170,30,500,4908
6,1000,50,180,30,500,4851
6,1000,50,190,30,500,4795
6,1000,50,200,30,500,4772
6,1000,50,210,30,500,4743
6,1000,50,220,30,500,4696
6,1000,50,230,30,500,4659
6,1000,50,240,30,500,4625
6,1000,50,250,30,500,4594
6,1000,50,260,30,500,4576
6,1000,50,270,30,500,4544
6,1000,50,280,30,500,4526
6,1000,50,290,30,500,4491
6,1000,50,300,30,500,4469
6,1000,50,310,30,500,4434
6,1000,50,320,30,500,4417
6,1000,50,330,30,500,4394
6,1000,50,340,30,500,4379
6,1000,50,350,30,500,4356
6,1000,50,360,30,500,4329
6,1000,50,370,30,500,4300
6,1000,50,380,30,500,4288
6,1000,50,390,30,500,4268
6,1000,50,400,30,500,4243
6,1000,50,410,30,500,4234
6,1000,50,420,30,500,4201
6,1000,50,430,30,500,4189
6,1000,50,440,30,500,4168
6,1000,50,450,30,500,4154
6,1000,50,460,30,500,4137
6,1000,50,470,30,500,4112
6,1000,50,480,30,500,4095
6,1000,50,490,30,500,4084
6,1000,50,500,30,500,4080
6,1000,50,510,30,500,4060
6,1000,50,520,30,500,4049
6,1000,50,530,30,500,4038
6,1000,50,540,30,500,4028
6,1000,50,550,30,500,4013
6,1000,50,560,30,500,3992
6,1000,50,570,30,500,3983
6,1000,50,580,30,500,3971
6,1000,50,590,30,500,3959
6,1000,50,600,30,500,3947
6,1000,50,610,30,500,3940
6,1000,50,620,30,500,3914
6,1000,50,630,30,500,3899
6,1000,50,640,30,500,3884
6,1000,50,650,30,500,3872
6,1000,50,660,30,500,3866
6,1000,50,670,30,500,3852
6,1000,50,680,30,500,3839
6,1000,50,690,30,500,3832
6,1000,50,700,30,500,3808
6,1000,50,710,30,500,3795
6,1000,50,720,30,500,3780
6,1000,50,730,30,500,3770
6,1000,50,740,30,500,3763
6,1000,50,750,30,500,3757
6,1000,50,760,30,500,3744
6,1000,50,770,30,500,3725
6,1000,50,780,30,500,3717
6,1000,50,790,30,500,3690
6,1000,50,800,30,500,3678
6,1000,50,810,30,500,3671
6,1000,50,820,30,500,3669
6,1000,50,830,30,500,3647
6,1000,50,840,30,500,3638
6,1000,50,850,30,500,3631
6,1000,50,860,30,500,3617
6,1000,50,870,30,500,3612
6,1000,50,880,30,500,3593
6,1000,50,890,30,500,3595
6,1000,50,900,30,500,3579
6,1000,50,910,30,500,3568
6,1000,50,920,30,500,3548
6,1000,50,930,30,500,3547
6,1000,50,940,30,500,3529
6,1000,50,950,30,500,3533
6,1000,50,960,30,500,3519
6,1000,50,970,30,500,3506
6,1000,50,980,30,500,3493
6,1000,50,990,30,500,3475
6,1000,50,1000,30,500,3453
6,1000,60,2,30,500,15157
6,1000,60,10,30,500,9167
6,1000,60,20,30,500,7768
6,1000,60,30,30,500,7322
6,1000,60,40,30,500,7047
6,1000,60,50,30,500,6821
6,1000,60,60,30,500,6697
6,1000,60,70,30,500,6568
6,1000,60,80,30,500,6466
6,1000,60,90,30,500,6380
6,1000,60,100,30,500,6276
6,1000,60,110,30,500,6208
6,1000,60,120,30,500,6136
6,1000,60,130,30,500,6078
6,1000,60,140,30,500,6016
6,1000,60,150,30,500,5945
6,1000,60,160,30,500,5914
6,1000,60,170,30,500,5880
6,1000,60,180,30,500,5830
6,1000,60,190,30,500,5794
6,1000,60,200,30,500,5754
6,1000,60,210,30,500,5727
6,1000,60,220,30,500,5687
6,1000,60,230,30,500,5663
6,1000,60,240,30,500,5617
6,1000,60,250,30,500,5597
6,1000,60,260,30,500,5550
6,1000,60,270,30,500,5503
6,1000,60,280,30,500,5475
6,1000,60,290,30,500,5449
6,1000,60,300,30,500,5416
6,1000,60,310,30,500,5378
6,1000,60,320,30,500,5360
6,1000,60,330,30,500,5336
6,1000,60,340,30,500,5307
6,1000,60,350,30,500,5286
6,1000,60,360,30,500,5252
6,1000,60,370,30,500,5243
6,1000,60,380,30,500,5225
6,1000,60,390,30,500,5182
6,1000,60,400,30,500,5169
6,1000,60,410,30,500,5155
6,1000,60,420,30,500,5133
6,1000,60,430,30,500,5109
6,1000,60,440,30,500,5094
6,1000,60,450,30,500,5084
6,1000,60,460,30,500,5064
6,1000,60,470,30,500,5040
6,1000,60,480,30,500,5018
6,1000,60,490,30,500,4999
6,1000,60,500,30,500,4976
6,1000,60,510,30,500,4952
6,1000,60,520,30,500,4944
6,1000,60,530,30,500,4918
6,1000,60,540,30,500,4901
6,1000,60,550,30,500,4890
6,1000,60,560,30,500,4867
6,1000,60,570,30,500,4842
6,1000,60,580,30,500,4818
6,1000,60,590,30,500,4798
6,1000,60,600,30,500,4788
6,1000,60,610,30,500,4752
6,1000,60,620,30,500,4751
6,1000,60,630,30,500,4740
6,1000,60,640,30,500,4720
6,1000,60,650,30,500,4711
6,1000,60,660,30,500,4697
6,1000,60,670,30,500,4684
6,1000,60,680,30,500,4665
6,1000,60,690,30,500,4648
6,1000,60,700,30,500,4625
6,1000,60,710,30,500,4621
6,1000,60,720,30,500,4591
6,1000,60,730,30,500,4573
6,1000,60,740,30,500,4566
6,1000,60,750,30,500,4555
6,1000,60,760,30,500,4548
6,1000,60,770,30,500,4532
6,1000,60,780,30,500,4531
6,1000,60,790,30,500,4516
6,1000,60,800,30,500,4504
6,1000,60,810,30,500,4486
6,1000,60,820,30,500,4476
6,1000,60,830,30,500,4465
6,1000,60,840,30,500,4440
6,1000,60,850,30,500,4425
6,1000,60,860,30,500,4417
6,1000,60,870,30,500,4403
6,1000,60,880,30,500,4401
6,1000,60,890,30,500,4386
6,1000,60,900,30,500,4365
6,1000,60,910,30,500,4360
6,1000,60,920,30,500,4352
6,1000,60,930,30,500,4333
6,1000,60,940,30,500,4331
6,1000,60,950,30,500,4325
6,1000,60,960,30,500,4303
6,1000,60,970,30,500,4299
6,1000,60,980,30,500,4290
6,1000,60,990,30,500,4276
6,1000,60,1000,30,500,4254
6,1000,70,2,30,500,15507
6,1000,70,10,30,500,11103
6,1000,70,20,30,500,9096
6,1000,70,30,30,500,8441
6,1000,70,40,30,500,8047
6,1000,70,50,30,500,7824
6,1000,70,60,30,500,7631
6,1000,70,70,30,500,7494
6,1000,70,80,30,500,7341
6,1000,70,90,30,500,7236
6,1000,70,100,30,500,7161
6,1000,70,110,30,500,7041
6,1000,70,120,30,500,7001
6,1000,70,130,30,500,6909
6,1000,70,140,30,500,6870
6,1000,70,150,30,500,6819
6,1000,70,160,30,500,6736
6,1000,70,170,30,500,6675
6,1000,70,180,30,500,6622
6,1000,70,190,30,500,6580
6,1000,70,200,30,500,6538
6,1000,70,210,30,500,6501
6,1000,70,220,30,500,6449
6,1000,70,230,30,500,6411
6,1000,70,240,30,500,6373
6,1000,70,250,30,500,6332
6,1000,70,260,30,500,6297
6,1000,70,270,30,500,6277
6,1000,70,280,30,500,6244
6,1000,70,290,30,500,6217
6,1000,70,300,30,500,6179
6,1000,70,310,30,500,6150
6,1000,70,320,30,500,6131
6,1000,70,330,30,500,6102
6,1000,70,340,30,500,6077
6,1000,70,350,30,500,6065
6,1000,70,360,30,500,6038
6,1000,70,370,30,500,6007
6,1000,70,380,30,500,5985
6,1000,70,390,30,500,5963
6,1000,70,400,30,500,5939
6,1000,70,410,30,500,5920
6,1000,70,420,30,500,5901
6,1000,70,430,30,500,5878
6,1000,70,440,30,500,5871
6,1000,70,450,30,500,5848
6,1000,70,460,30,500,5814
6,1000,70,470,30,500,5795
6,1000,70,480,30,500,5775
6,1000,70,490,30,500,5745
6,1000,70,500,30,500,5730
6,1000,70,510,30,500,5708
6,1000,70,520,30,500,5670
6,1000,70,530,30,500,5663
6,1000,70,540,30,500,5643
6,1000,70,550,30,500,5626
6,1000,70,560,30,500,5609
6,1000,70,570,30,500,5589
6,1000,70,580,30,500,5579
6,1000,70,590,30,500,5551
6,1000,70,600,30,500,5547
6,1000,70,610,30,500,5534
6,1000,70,620,30,500,5515
6,1000,70,630,30,500,5498
6,1000,70,640,30,500,5473
6,1000,70,650,30,500,5467
6,1000,70,660,30,500,5451
6,1000,70,670,30,500,5437
6,1000,70,680,30,500,5427
6,1000,70,690,30,500,5409
6,1000,70,700,30,500,5396
6,1000,70,710,30,500,5377
6,1000,70,720,30,500,5356
6,1000,70,730,30,500,5344
6,1000,70,740,30,500,5327
6,1000,70,750,30,500,5314
6,1000,70,760,30,500,5308
6,1000,70,770,30,500,5289
6,1000,70,780,30,500,5274
6,1000,70,790,30,500,5268
6,1000,70,800,30,500,5259
6,1000,70,810,30,500,5252
6,1000,70,820,30,500,5234
6,1000,70,830,30,500,5219
6,1000,70,840,30,500,5208
6,1000,70,850,30,500,5203
6,1000,70,860,30,500,5180
6,1000,70,870,30,500,5155
6,1000,70,880,30,500,5142
6,1000,70,890,30,500,5131
6,1000,70,900,30,500,5114
6,1000,70,910,30,500,5110
6,1000,70,920,30,500,5098
6,1000,70,930,30,500,5082
6,1000,70,940,30,500,5068
6,1000,70,950,30,500,5059
6,1000,70,960,30,500,5049
6,1000,70,970,30,500,5045
6,1000,70,980,30,500,5037
6,1000,70,990,30,500,5024
6,1000,70,1000,30,500,5005
6,1000,80,2,30,500,15605
6,1000,80,10,30,500,13376
6,1000,80,20,30,500,10977
6,1000,80,30,30,500,9913
6,1000,80,40,30,500,9349
6,1000,80,50,30,500,8933
6,1000,80,60,30,500,8740
6,1000,80,70,30,500,8546
6,1000,80,80,30,500,8358
6,1000,80,90,30,500,8219
6,1000,80,100,30,500,8107
6,1000,80,110,30,500,8010
6,1000,80,120,30,500,7907
6,1000,80,130,30,500,7833
6,1000,80,140,30,500,7782
6,1000,80,150,30,500,7706
6,1000,80,160,30,500,7644
6,1000,80,170,30,500,7576
6,1000,80,180,30,500,7507
6,1000,80,190,30,500,7459
6,1000,80,200,30,500,7411
6,1000,80,210,30,500,7357
6,1000,80,220,30,500,7310
6,1000,80,230,30,500,7275
6,1000,80,240,30,500,7226
6,1000,80,250,30,500,7181
6,1000,80,260,30,500,7155
6,1000,80,270,30,500,7134
6,1000,80,280,30,500,7079
6,1000,80,290,30,500,7027
6,1000,80,300,30,500,7002
6,1000,80,310,30,500,6961
6,1000,80,320,30,500,6934
6,1000,80,330,30,500,6921
6,1000,80,340,30,500,6881
6,1000,80,350,30,500,6855
6,1000,80,360,30,500,6812
6,1000,80,370,30,500,6782
6,1000,80,380,30,500,6755
6,1000,80,390,30,500,6746
6,1000,80,400,30,500,6707
6,1000,80,410,30,500,6659
6,1000,80,420,30,500,6631
6,1000,80,430,30,500,6603
6,1000,80,440,30,500,6584
6,1000,80,450,30,500,6540
6,1000,80,460,30,500,6530
6,1000,80,470,30,500,6511
6,1000,80,480,30,500,6494
6,1000,80,490,30,500,6460
6,1000,80,500,30,500,6435
6,1000,80,510,30,500,6413
6,1000,80,520,30,500,6394
6,1000,80,530,30,500,6362
6,1000,80,540,30,500,6359
6,1000,80,550,30,500,6329
6,1000,80,560,30,500,6302
6,1000,80,570,30,500,6276
6,1000,80,580,30,500,6261
6,1000,80,590,30,500,6260
6,1000,80,600,30,500,6248
6,1000,80,610,30,500,6214
6,1000,80,620,30,500,6197
6,1000,80,630,30,500,6163
6,1000,80,640,30,500,6154
6,1000,80,650,30,500,6136
6,1000,80,660,30,500,6109
6,1000,80,670,30,500,6093
6,1000,80,680,30,500,6063
6,1000,80,690,30,500,6038
6,1000,80,700,30,500,6031
6,1000,80,710,30,500,6026
6,1000,80,720,30,500,5996
6,1000,80,730,30,500,5977
6,1000,80,740,30,500,5971
6,1000,80,750,30,500,5948
6,1000,80,760,30,500,5936
6,1000,80,770,30,500,5920
6,1000,80,780,30,500,5916
6,1000,80,790,30,500,5893
6,1000,80,800,30,500,5867
6,1000,80,810,30,500,5862
6,1000,80,820,30,500,5852
6,1000,80,830,30,500,5846
6,1000,80,840,30,500,5825
6,1000,80,850,30,500,5812
6,1000,80,860,30,500,5783
6,1000,80,870,30,500,5775
6,1000,80,880,30,500,5765
6,1000,80,890,30,500,5758
6,1000,80,900,30,500,5738
6,1000,80,910,30,500,5729
6,1000,80,920,30,500,5708
6,1000,80,930,30,500,5691
6,1000,80,940,30,500,5672
6,1000,80,950,30,500,5663
6,1000,80,960,30,500,5647
6,1000,80,970,30,500,5636
6,1000,80,980,30,500,5631
6,1000,80,990,30,500,5617
6,1000,80,1000,30,500,5588
6,1000,90,2,30,500,15531
6,1000,90,10,30,500,14847
6,1000,90,20,30,500,13246
6,1000,90,30,30,500,12103
6,1000,90,40,30,500,11283
6,1000,90,50,30,500,10682
6,1000,90,60,30,500,10267
6,1000,90,70,30,500,9918
6,1000,90,80,30,500,9686
6,1000,90,90,30,500,9480
6,1000,90,100,30,500,9339
6,1000,90,110,30,500,9168
6,1000,90,120,30,500,9081
6,1000,90,130,30,500,8948
6,1000,90,140,30,500,8857
6,1000,90,150,30,500,8763
6,1000,90,160,30,500,8690
6,1000,90,170,30,500,8587
6,1000,90,180,30,500,8520
6,1000,90,190,30,500,8447
6,1000,90,200,30,500,8409
6,1000,90,210,30,500,8335
6,1000,90,220,30,500,8278
6,1000,90,230,30,500,8219
6,1000,90,240,30,500,8173
6,1000,90,250,30,500,8133
6,1000,90,260,30,500,8084
6,1000,90,270,30,500,8046
6,1000,90,280,30,500,8027
6,1000,90,290,30,500,7970
6,1000,90,300,30,500,7929
6,1000,90,310,30,500,7899
6,1000,90,320,30,500,7845
6,1000,90,330,30,500,7818
6,1000,90,340,30,500,7765
6,1000,90,350,30,500,7734
6,1000,90,360,30,500,7686
6,1000,90,370,30,500,7659
6,1000,90,380,30,500,7624
6,1000,90,390,30,500,7608
6,1000,90,400,30,500,7573
6,1000,90,410,30,500,7550
6,1000,90,420,30,500,7518
6,1000,90,430,30,500,7487
6,1000,90,440,30,500,7480
6,1000,90,450,30,500,7447
6,1000,90,460,30,500,7418
6,1000,90,470,30,500,7388
6,1000,90,480,30,500,7361
6,1000,90,490,30,500,7341
6,1000,90,500,30,500,7303
6,1000,90,510,30,500,7295
6,1000,90,520,30,500,7269
6,1000,90,530,30,500,7241
6,1000,90,540,30,500,7226
6,1000,90,550,30,500,7214
6,1000,90,560,30,500,7176
6,1000,90,570,30,500,7144
6,1000,90,580,30,500,7119
6,1000,90,590,30,500,7090
6,1000,90,600,30,500,7062
6,1000,90,610,30,500,7026
6,1000,90,620,30,500,7025
6,1000,90,630,30,500,7004
6,1000,90,640,30,500,6979
6,1000,90,650,30,500,6962
6,1000,90,660,30,500,6947
6,1000,90,670,30,500,6917
6,1000,90,680,30,500,6893
6,1000,90,690,30,500,6884
6,1000,90,700,30,500,6853
6,1000,90,710,30,500,6836
6,1000,90,720,30,500,6810
6,1000,90,730,30,500,6787
6,1000,90,740,30,500,6788
6,1000,90,750,30,500,6757
6,1000,90,760,30,500,6744
6,1000,90,770,30,500,6724
6,1000,90,780,30,500,6696
6,1000,90,790,30,500,6683
6,1000,90,800,30,500,6679
6,1000,90,810,30,500,6658
6,1000,90,820,30,500,6638
6,1000,90,830,30,500,6615
6,1000,90,840,30,500,6619
6,1000,90,850,30,500,6587
6,1000,90,860,30,500,6579
6,1000,90,870,30,500,6558
6,1000,90,880,30,500,6545
6,1000,90,890,30,500,6518
6,1000,90,900,30,500,6509
6,1000,90,910,30,500,6491
6,1000,90,920,30,500,6477
6,1000,90,930,30,500,6458
6,1000,90,940,30,500,6440
6,1000,90,950,30,500,6427
6,1000,90,960,30,500,6408
6,1000,90,970,30,500,6401
6,1000,90,980,30,500,6380
6,1000,90,990,30,500,6369
6,1000,90,1000,30,500,6338
6,1000,100,2,30,500,15365
6,1000,100,10,30,500,15156
6,1000,100,20,30,500,14499
6,1000,100,30,30,500,13882
6,1000,100,40,30,500,13239
6,1000,100,50,30,500,12692
6,1000,100,60,30,500,12220
6,1000,100,70,30,500,11802
6,1000,100,80,30,500,11487
6,1000,100,90,30,500,11139
6,1000,100,100,30,500,10900
6,1000,100,110,30,500,10690
6,1000,100,120,30,500,10507
6,1000,100,130,30,500,10320
6,1000,100,140,30,500,10179
6,1000,100,150,30,500,10047
6,1000,100,160,30,500,9930
6,1000,100,170,30,500,9795
6,1000,100,180,30,500,9714
6,1000,100,190,30,500,9631
6,1000,100,200,30,500,9552
6,1000,100,210,30,500,9470
6,1000,100,220,30,500,9401
6,1000,100,230,30,500,9325
6,1000,100,240,30,500,9251
6,1000,100,250,30,500,9183
6,1000,100,260,30,500,9113
6,1000,100,270,30,500,9066
6,1000,100,280,30,500,9001
6,1000,100,290,30,500,8941
6,1000,100,300,30,500,8910
6,1000,100,310,30,500,8869
6,1000,100,320,30,500,8833
6,1000,100,330,30,500,8783
6,1000,100,340,30,500,8750
6,1000,100,350,30,500,8695
6,1000,100,360,30,500,8671
6,1000,100,370,30,500,8609
6,1000,100,380,30,500,8566
6,1000,100,390,30,500,8541
6,1000,100,400,30,500,8488
6,1000,100,410,30,500,8454
6,1000,100,420,30,500,8429
6,1000,100,430,30,500,8401
6,1000,100,440,30,500,8368
6,1000,100,450,30,500,8337
6,1000,100,460,30,500,8309
6,1000,100,470,30,500,8292
6,1000,100,480,30,500,8247
6,1000,100,490,30,500,8239
6,1000,100,500,30,500,8201
6,1000,100,510,30,500,8166
6,1000,100,520,30,500,8143
6,1000,100,530,30,500,8096
6,1000,100,540,30,500,8074
6,1000,100,550,30,500,8052
6,1000,100,560,30,500,8027
6,1000,100,570,30,500,7998
6,1000,100,580,30,500,7965
6,1000,100,590,30,500,7937
6,1000,100,600,30,500,7907
6,1000,100,610,30,500,7915
6,1000,100,620,30,500,7875
6,1000,100,630,30,500,7848
6,1000,100,640,30,500,7836
6,1000,100,650,30,500,7810
6,1000,100,660,30,500,7774
6,1000,100,670,30,500,7742
6,1000,100,680,30,500,7717
6,1000,100,690,30,500,7694
6,1000,100,700,30,500,7675
6,1000,100,710,30,500,7646
6,1000,100,720,30,500,7626
6,1000,100,730,30,500,7596
6,1000,100,740,30,500,7578
6,1000,100,750,30,500,7572
6,1000,100,760,30,500,7547
6,1000,100,770,30,500,7531
6,1000,100,780,30,500,7518
6,1000,100,790,30,500,7493
6,1000,100,800,30,500,7472
6,1000,100,810,30,500,7445
6,1000,100,820,30,500,7426
6,1000,100,830,30,500,7405
6,1000,100,840,30,500,7376
6,1000,100,850,30,500,7372
6,1000,100,860,30,500,7357
6,1000,100,870,30,500,7347
6,1000,100,880,30,500,7332
6,1000,100,890,30,500,7311
6,1000,100,900,30,500,7293
6,1000,100,910,30,500,7289
6,1000,100,920,30,500,7264
6,1000,100,930,30,500,7244
6,1000,100,940,30,500,7221
6,1000,100,950,30,500,7204
6,1000,100,960,30,500,7174
6,1000,100,970,30,500,7167
6,1000,100,980,30,500,7134
6,1000,100,990,30,500,7124
6,1000,100,1000,30,500,7084
6,1000,110,2,30,500,15225
6,1000,110,10,30,500,15233
6,1000,110,20,30,500,14983
6,1000,110,30,30,500,14720
6,1000,110,40,30,500,14420
6,1000,110,50,30,500,14138
6,1000,110,60,30,500,13802
6,1000,110,70,30,500,13526
6,1000,110,80,30,500,13230
6,1000,110,90,30,500,12999
6,1000,110,100,30,500,12743
6,1000,110,110,30,500,12514
6,1000,110,120,30,500,12295
6,1000,110,130,30,500,12052
6,1000,110,140,30,500,11896
6,1000,110,150,30,500,11736
6,1000,110,160,30,500,11583
6,1000,110,170,30,500,11436
6,1000,110,180,30,500,11323
6,1000,110,190,30,500,11222
6,1000,110,200,30,500,11117
6,1000,110,210,30,500,11014
6,1000,110,220,30,500,10893
6,1000,110,230,30,500,10802
6,1000,110,240,30,500,10705
6,1000,110,250,30,500,10602
6,1000,110,260,30,500,10533
6,1000,110,270,30,500,10467
6,1000,110,280,30,500,10384
6,1000,110,290,30,500,10298
6,1000,110,300,30,500,10229
6,1000,110,310,30,500,10165
6,1000,110,320,30,500,10112
6,1000,110,330,30,500,10052
6,1000,110,340,30,500,10030
6,1000,110,350,30,500,9950
6,1000,110,360,30,500,9868
6,1000,110,370,30,500,9827
6,1000,110,380,30,500,9767
6,1000,110,390,30,500,9713
6,1000,110,400,30,500,9664
6,1000,110,410,30,500,9599
6,1000,110,420,30,500,9600
6,1000,110,430,30,500,9535
6,1000,110,440,30,500,9475
6,1000,110,450,30,500,9445
6,1000,110,460,30,500,9395
6,1000,110,470,30,500,9345
6,1000,110,480,30,500,9308
6,1000,110,490,30,500,9278
6,1000,110,500,30,500,9242
6,1000,110,510,30,500,9185
6,1000,110,520,30,500,9146
6,1000,110,530,30,500,9101
6,1000,110,540,30,500,9075
6,1000,110,550,30,500,9038
6,1000,110,560,30,500,9018
6,1000,110,570,30,500,8987
6,1000,110,580,30,500,8977
6,1000,110,590,30,500,8940
6,1000,110,600,30,500,8910
6,1000,110,610,30,500,8877
6,1000,110,620,30,500,8832
6,1000,110,630,30,500,8813
6,1000,110,640,30,500,8784
6,1000,110,650,30,500,8747
6,1000,110,660,30,500,8724
6,1000,110,670,30,500,8707
6,1000,110,680,30,500,8677
6,1000,110,690,30,500,8655
6,1000,110,700,30,500,8643
6,1000,110,710,30,500,8608
6,1000,110,720,30,500,8573
6,1000,110,730,30,500,8558
6,1000,110,740,30,500,8531
6,1000,110,750,30,500,8498
6,1000,110,760,30,500,8482
6,1000,110,770,30,500,8451
6,1000,110,780,30,500,8426
6,1000,110,790,30,500,8401
6,1000,110,800,30,500,8369
6,1000,110,810,30,500,8354
6,1000,110,820,30,500,8326
6,1000,110,830,30,500,8308
6,1000,110,840,30,500,8291
6,1000,110,850,30,500,8238
6,1000,110,860,30,500,8220
6,1000,110,870,30,500,8208
6,1000,110,880,30,500,8186
6,1000,110,890,30,500,8169
6,1000,110,900,30,500,8146
6,1000,110,910,30,500,8113
6,1000,110,920,30,500,8092
6,1000,110,930,30,500,8084
6,1000,110,940,30,500,8044
6,1000,110,950,30,500,8021
6,1000,110,960,30,500,7993
6,1000,110,970,30,500,7984
6,1000,110,980,30,500,7970
6,1000,110,990,30,500,7946
6,1000,110,1000,30,500,7904
6,1000,120,2,30,500,15140
6,1000,120,10,30,500,15145
6,1000,120,20,30,500,15042
6,1000,120,30,30,500,14964
6,1000,120,40,30,500,14771
6,1000,120,50,30,500,14658
6,1000,120,60,30,500,14502
6,1000,120,70,30,500,14379
6,1000,120,80,30,500,14210
6,1000,120,90,30,500,14065
6,1000,120,100,30,500,13895
6,1000,120,110,30,500,13774
6,1000,120,120,30,500,13658
6,1000,120,130,30,500,13531
6,1000,120,140,30,500,13391
6,1000,120,150,30,500,13256
6,1000,120,160,30,500,13140
6,1000,120,170,30,500,12966
6,1000,120,180,30,500,12857
6,1000,120,190,30,500,12728
6,1000,120,200,30,500,12602
6,1000,120,210,30,500,12521
6,1000,120,220,30,500,12429
6,1000,120,230,30,500,12284
6,1000,120,240,30,500,12192
6,1000,120,250,30,500,12096
6,1000,120,260,30,500,11985
6,1000,120,270,30,500,11890
6,1000,120,280,30,500,11788
6,1000,120,290,30,500,11698
6,1000,120,300,30,500,11611
6,1000,120,310,30,500,11544
6,1000,120,320,30,500,11471
6,1000,120,330,30,500,11401
6,1000,120,340,30,500,11340
6,1000,120,350,30,500,11272
6,1000,120,360,30,500,11225
6,1000,120,370,30,500,11147
6,1000,120,380,30,500,11097
6,1000,120,390,30,500,11038
6,1000,120,400,30,500,10960
6,1000,120,410,30,500,10899
6,1000,120,420,30,500,10844
6,1000,120,430,30,500,10779
6,1000,120,440,30,500,10741
6,1000,120,450,30,500,10691
6,1000,120,460,30,500,10632
6,1000,120,470,30,500,10592
6,1000,120,480,30,500,10545
6,1000,120,490,30,500,10495
6,1000,120,500,30,500,10427
6,1000,120,510,30,500,10383
6,1000,120,520,30,500,10346
6,1000,120,530,30,500,10278
6,1000,120,540,30,500,10256
6,1000,120,550,30,500,10215
6,1000,120,560,30,500,10181
6,1000,120,570,30,500,10147
6,1000,120,580,30,500,10093
6,1000,120,590,30,500,10056
6,1000,120,600,30,500,10029
6,1000,120,610,30,500,10012
6,1000,120,620,30,500,9965
6,1000,120,630,30,500,9908
6,1000,120,640,30,500,9889
6,1000,120,650,30,500,9854
6,1000,120,660,30,500,9808
6,1000,120,670,30,500,9772
6,1000,120,680,30,500,9725
6,1000,120,690,30,500,9689
6,1000,120,700,30,500,9651
6,1000,120,710,30,500,9620
6,1000,120,720,30,500,9577
6,1000,120,730,30,500,9538
6,1000,120,740,30,500,9507
6,1000,120,750,30,500,9467
6,1000,120,760,30,500,9440
6,1000,120,770,30,500,9426
6,1000,120,780,30,500,9387
6,1000,120,790,30,500,9346
6,1000,120,800,30,500,9326
6,1000,120,810,30,500,9305
6,1000,120,820,30,500,9271
6,1000,120,830,30,500,9248
6,1000,120,840,30,500,9216
6,1000,120,850,30,500,9195
6,1000,120,860,30,500,9161
6,1000,120,870,30,500,9127
6,1000,120,880,30,500,9104
6,1000,120,890,30,500,9080
6,1000,120,900,30,500,9058
6,1000,120,910,30,500,9036
6,1000,120,920,30,500,9017
6,1000,120,930,30,500,8985
6,1000,120,940,30,500,8962
6,1000,120,950,30,500,8938
6,1000,120,960,30,500,8916
6,1000,120,970,30,500,8910
6,1000,120,980,30,500,8876
6,1000,120,990,30,500,8854
6,1000,120,1000,30,500,8816
6,1000,130,2,30,500,15091
6,1000,130,10,30,500,15131
6,1000,130,20,30,500,15079
6,1000,130,30,30,500,15002
6,1000,130,40,30,500,14965
6,1000,130,50,30,500,14900
6,1000,130,60,30,500,14806
6,1000,130,70,30,500,14733
6,1000,130,80,30,500,14666
6,1000,130,90,30,500,14575
6,1000,130,100,30,500,14498
6,1000,130,110,30,500,14403
6,1000,130,120,30,500,14284
6,1000,130,130,30,500,14233
6,1000,130,140,30,500,14142
6,1000,130,150,30,500,14049
6,1000,130,160,30,500,13954
6,1000,130,170,30,500,13880
6,1000,130,180,30,500,13783
6,1000,130,190,30,500,13696
6,1000,130,200,30,500,13623
6,1000,130,210,30,500,13539
6,1000,130,220,30,500,13480
6,1000,130,230,30,500,13393
6,1000,130,240,30,500,13315
6,1000,130,250,30,500,13236
6,1000,130,260,30,500,13181
6,1000,130,270,30,500,13048
6,1000,130,280,30,500,12973
6,1000,130,290,30,500,12900
6,1000,130,300,30,500,12847
6,1000,130,310,30,500,12759
6,1000,130,320,30,500,12706
6,1000,130,330,30,500,12650
6,1000,130,340,30,500,12558
6,1000,130,350,30,500,12475
6,1000,130,360,30,500,12424
6,1000,130,370,30,500,12365
6,1000,130,380,30,500,12303
6,1000,130,390,30,500,12224
6,1000,130,400,30,500,12156
6,1000,130,410,30,500,12094
6,1000,130,420,30,500,12022
6,1000,130,430,30,500,11953
6,1000,130,440,30,500,11894
6,1000,130,450,30,500,11847
6,1000,130,460,30,500,11775
6,1000,130,470,30,500,11737
6,1000,130,480,30,500,11698
6,1000,130,490,30,500,11639
6,1000,130,500,30,500,11584
6,1000,130,510,30,500,11559
6,1000,130,520,30,500,11496
6,1000,130,530,30,500,11442
6,1000,130,540,30,500,11396
6,1000,130,550,30,500,11351
6,1000,130,560,30,500,11312
6,1000,130,570,30,500,11242
6,1000,130,580,30,500,11215
6,1000,130,590,30,500,11175
6,1000,130,600,30,500,11123
6,1000,130,610,30,500,11092
6,1000,130,620,30,500,11049
6,1000,130,630,30,500,11017
6,1000,130,640,30,500,10956
6,1000,130,650,30,500,10906
6,1000,130,660,30,500,10885
6,1000,130,670,30,500,10831
6,1000,130,680,30,500,10802
6,1000,130,690,30,500,10768
6,1000,130,700,30,500,10722
6,1000,130,710,30,500,10686
6,1000,130,720,30,500,10649
6,1000,130,730,30,500,10626
6,1000,130,740,30,500,10590
6,1000,130,750,30,500,10554
6,1000,130,760,30,500,10516
6,1000,130,770,30,500,10485
6,1000,130,780,30,500,10463
6,1000,130,790,30,500,10420
6,1000,130,800,30,500,10383
6,1000,130,810,30,500,10346
6,1000,130,820,30,500,10316
6,1000,130,830,30,500,10280
6,1000,130,840,30,500,10252
6,1000,130,850,30,500,10223
6,1000,130,860,30,500,10192
6,1000,130,870,30,500,10159
6,1000,130,880,30,500,10124
6,1000,130,890,30,500,10092
6,1000,130,900,30,500,10075
6,1000,130,910,30,500,10046
6,1000,130,920,30,500,9997
6,1000,130,930,30,500,9983
6,1000,130,940,30,500,9949
6,1000,130,950,30,500,9927
6,1000,130,960,30,500,9908
6,1000,130,970,30,500,9884
6,1000,130,980,30,500,9851
6,1000,130,990,30,500,9830
6,1000,130,1000,30,500,9774
6,1000,140,2,30,500,15087
6,1000,140,10,30,500,15101
6,1000,140,20,30,500,15081
6,1000,140,30,30,500,15029
6,1000,140,40,30,500,14989
6,1000,140,50,30,500,14954
6,1000,140,60,30,500,14915
6,1000,140,70,30,500,14863
6,1000,140,80,30,500,14815
6,1000,140,90,30,500,14754
6,1000,140,100,30,500,14694
6,1000,140,110,30,500,14642
6,1000,140,120,30,500,14595
6,1000,140,130,30,500,14547
6,1000,140,140,30,500,14482
6,1000,140,150,30,500,14417
6,1000,140,160,30,500,14368
6,1000,140,170,30,500,14289
6,1000,140,180,30,500,14236
6,1000,140,190,30,500,14207
6,1000,140,200,30,500,14148
6,1000,140,210,30,500,14090
6,1000,140,220,30,500,14046
6,1000,140,230,30,500,13990
6,1000,140,240,30,500,13934
6,1000,140,250,30,500,13874
6,1000,140,260,30,500,13822
6,1000,140,270,30,500,13773
6,1000,140,280,30,500,13698
6,1000,140,290,30,500,13631
6,1000,140,300,30,500,13590
6,1000,140,310,30,500,13520
6,1000,140,320,30,500,13467
6,1000,140,330,30,500,13403
6,1000,140,340,30,500,13375
6,1000,140,350,30,500,13303
6,1000,140,360,30,500,13250
6,1000,140,370,30,500,13200
6,1000,140,380,30,500,13141
6,1000,140,390,30,500,13078
6,1000,140,400,30,500,13024
6,1000,140,410,30,500,12974
6,1000,140,420,30,500,12925
6,1000,140,430,30,500,12871
6,1000,140,440,30,500,12822
6,1000,140,450,30,500,12777
6,1000,140,460,30,500,12742
6,1000,140,470,30,500,12673
6,1000,140,480,30,500,12635
6,1000,140,490,30,500,12559
6,1000,140,500,30,500,12545
6,1000,140,510,30,500,12497
6,1000,140,520,30,500,12427
6,1000,140,530,30,500,12383
6,1000,140,540,30,500,12320
6,1000,140,550,30,500,12299
6,1000,140,560,30,500,12255
6,1000,140,570,30,500,12202
6,1000,140,580,30,500,12164
6,1000,140,590,30,500,12115
6,1000,140,600,30,500,12086
6,1000,140,610,30,500,12024
6,1000,140,620,30,500,11989
6,1000,140,630,30,500,11945
6,1000,140,640,30,500,11901
6,1000,140,650,30,500,11865
6,1000,140,660,30,500,11839
6,1000,140,670,30,500,11798
6,1000,140,680,30,500,11791
6,1000,140,690,30,500,11751
6,1000,140,700,30,500,11706
6,1000,140,710,30,500,11686
6,1000,140,720,30,500,11651
6,1000,140,730,30,500,11608
6,1000,140,740,30,500,11555
6,1000,140,750,30,500,11530
6,1000,140,760,30,500,11483
6,1000,140,770,30,500,11453
6,1000,140,780,30,500,11429
6,1000,140,790,30,500,11394
6,1000,140,800,30,500,11346
6,1000,140,810,30,500,11314
6,1000,140,820,30,500,11283
6,1000,140,830,30,500,11247
6,1000,140,840,30,500,11205
6,1000,140,850,30,500,11186
6,1000,140,860,30,500,11139
6,1000,140,870,30,500,11101
6,1000,140,880,30,500,11077
6,1000,140,890,30,500,11052
6,1000,140,900,30,500,11011
6,1000,140,910,30,500,10988
6,1000,140,920,30,500,10958
6,1000,140,930,30,500,10916
6,1000,140,940,30,500,10883
6,1000,140,950,30,500,10856
6,1000,140,960,30,500,10804
6,1000,140,970,30,500,10784
6,1000,140,980,30,500,10760
6,1000,140,990,30,500,10731
6,1000,140,1000,30,500,10651
6,1000,150,2,30,500,15079
6,1000,150,10,30,500,15094
6,1000,150,20,30,500,15066
6,1000,150,30,30,500,15037
6,1000,150,40,30,500,15019
6,1000,150,50,30,500,14970
6,1000,150,60,30,500,14959
6,1000,150,70,30,500,14926
6,1000,150,80,30,500,14891
6,1000,150,90,30,500,14857
6,1000,150,100,30,500,14823
6,1000,150,110,30,500,14796
6,1000,150,120,30,500,14768
6,1000,150,130,30,500,14720
6,1000,150,140,30,500,14694
6,1000,150,150,30,500,14655
6,1000,150,160,30,500,14627
6,1000,150,170,30,500,14576
6,1000,150,180,30,500,14534
6,1000,150,190,30,500,14497
6,1000,150,200,30,500,14455
6,1000,150,210,30,500,14436
6,1000,150,220,30,500,14388
6,1000,150,230,30,500,14366
6,1000,150,240,30,500,14337
6,1000,150,250,30,500,14279
6,1000,150,260,30,500,14248
6,1000,150,270,30,500,14199
6,1000,150,280,30,500,14170
6,1000,150,290,30,500,14117
6,1000,150,300,30,500,14078
6,1000,150,310,30,500,14055
6,1000,150,320,30,500,14003
6,1000,150,330,30,500,13968
6,1000,150,340,30,500,13937
6,1000,150,350,30,500,13898
6,1000,150,360,30,500,13839
6,1000,150,370,30,500,13801
6,1000,150,380,30,500,13764
6,1000,150,390,30,500,13745
6,1000,150,400,30,500,13682
6,1000,150,410,30,500,13630
6,1000,150,420,30,500,13597
6,1000,150,430,30,500,13558
6,1000,150,440,30,500,13533
6,1000,150,450,30,500,13466
6,1000,150,460,30,500,13431
6,1000,150,470,30,500,13391
6,1000,150,480,30,500,13363
6,1000,150,490,30,500,13319
6,1000,150,500,30,500,13276
6,1000,150,510,30,500,13220
6,1000,150,520,30,500,13171
6,1000,150,530,30,500,13154
6,1000,150,540,30,500,13118
6,1000,150,550,30,500,13081
6,1000,150,560,30,500,13040
6,1000,150,570,30,500,13004
6,1000,150,580,30,500,12959
6,1000,150,590,30,500,12921
6,1000,150,600,30,500,12875
6,1000,150,610,30,500,12832
6,1000,150,620,30,500,12800
6,1000,150,630,30,500,12792
6,1000,150,640,30,500,12737
6,1000,150,650,30,500,12700
6,1000,150,660,30,500,12658
6,1000,150,670,30,500,12624
6,1000,150,680,30,500,12597
6,1000,150,690,30,500,12526
6,1000,150,700,30,500,12490
6,1000,150,710,30,500,12472
6,1000,150,720,30,500,12427
6,1000,150,730,30,500,12362
6,1000,150,740,30,500,12330
6,1000,150,750,30,500,12287
6,1000,150,760,30,500,12251
6,1000,150,770,30,500,12224
6,1000,150,780,30,500,12181
6,1000,150,790,30,500,12146
6,1000,150,800,30,500,12120
6,1000,150,810,30,500,12076
6,1000,150,820,30,500,12065
6,1000,150,830,30,500,12037
6,1000,150,840,30,500,11998
6,1000,150,850,30,500,11973
6,1000,150,860,30,500,11928
6,1000,150,870,30,500,11914
6,1000,150,880,30,500,11871
6,1000,150,890,30,500,11849
6,1000,150,900,30,500,11820
6,1000,150,910,30,500,11796
6,1000,150,920,30,500,11776
6,1000,150,930,30,500,11739
6,1000,150,940,30,500,11720
6,1000,150,950,30,500,11688
6,1000,150,960,30,500,11655
6,1000,150,970,30,500,11643
6,1000,150,980,30,500,11591
6,1000,150,990,30,500,11565
6,1000,150,1000,30,500,11501
6,1000,160,2,30,500,15060
6,1000,160,10,30,500,15081
6,1000,160,20,30,500,15071
6,1000,160,30,30,500,15053
6,1000,160,40,30,500,15037
6,1000,160,50,30,500,15020
6,1000,160,60,30,500,15010
6,1000,160,70,30,500,14977
6,1000,160,80,30,500,14958
6,1000,160,90,30,500,14929
6,1000,160,100,30,500,14903
6,1000,160,110,30,500,14874
6,1000,160,120,30,500,14852
6,1000,160,130,30,500,14828
6,1000,160,140,30,500,14804
6,1000,160,150,30,500,14772
6,1000,160,160,30,500,14748
6,1000,160,170,30,500,14728
6,1000,160,180,30,500,14689
6,1000,160,190,30,500,14669
6,1000,160,200,30,500,14654
6,1000,160,210,30,500,14623
6,1000,160,220,30,500,14578
6,1000,160,230,30,500,14566
6,1000,160,240,30,500,14528
6,1000,160,250,30,500,14508
6,1000,160,260,30,500,14492
6,1000,160,270,30,500,14464
6,1000,160,280,30,500,14421
6,1000,160,290,30,500,14396
6,1000,160,300,30,500,14361
6,1000,160,310,30,500,14320
6,1000,160,320,30,500,14304
6,1000,160,330,30,500,14269
6,1000,160,340,30,500,14229
6,1000,160,350,30,500,14206
6,1000,160,360,30,500,14173
6,1000,160,370,30,500,14138
6,1000,160,380,30,500,14128
6,1000,160,390,30,500,14073
6,1000,160,400,30,500,14051
6,1000,160,410,30,500,14016
6,1000,160,420,30,500,13997
6,1000,160,430,30,500,13964
6,1000,160,440,30,500,13932
6,1000,160,450,30,500,13917
6,1000,160,460,30,500,13878
6,1000,160,470,30,500,13864
6,1000,160,480,30,500,13799
6,1000,160,490,30,500,13774
6,1000,160,500,30,500,13741
6,1000,160,510,30,500,13742
6,1000,160,520,30,500,13694
6,1000,160,530,30,500,13687
6,1000,160,540,30,500,13656
6,1000,160,550,30,500,13592
6,1000,160,560,30,500,13581
6,1000,160,570,30,500,13555
6,1000,160,580,30,500,13537
6,1000,160,590,30,500,13490
6,1000,160,600,30,500,13474
6,1000,160,610,30,500,13437
6,1000,160,620,30,500,13419
6,1000,160,630,30,500,13350
6,1000,160,640,30,500,13332
6,1000,160,650,30,500,13289
6,1000,160,660,30,500,13258
6,1000,160,670,30,500,13238
6,1000,160,680,30,500,13223
6,1000,160,690,30,500,13180
6,1000,160,700,30,500,13153
6,1000,160,710,30,500,13129
6,1000,160,720,30,500,13073
6,1000,160,730,30,500,13051
6,1000,160,740,30,500,13025
6,1000,160,750,30,500,12981
6,1000,160,760,30,500,12952
6,1000,160,770,30,500,12942
6,1000,160,780,30,500,12913
6,1000,160,790,30,500,12880
6,1000,160,800,30,500,12824
6,1000,160,810,30,500,12823
6,1000,160,820,30,500,12794
6,1000,160,830,30,500,12764
6,1000,160,840,30,500,12721
6,1000,160,850,30,500,12695
6,1000,160,860,30,500,12657
6,1000,160,870,30,500,12619
6,1000,160,880,30,500,12607
6,1000,160,890,30,500,12570
6,1000,160,900,30,500,12542
6,1000,160,910,30,500,12512
6,1000,160,920,30,500,12496
6,1000,160,930,30,500,12445
6,1000,160,940,30,500,12425
6,1000,160,950,30,500,12400
6,1000,160,960,30,500,12378
6,1000,160,970,30,500,12353
6,1000,160,980,30,500,12335
6,1000,160,990,30,500,12310
6,1000,160,1000,30,500,12233
6,1000,180,2,30,500,15044
6,1000,180,10,30,500,15079
6,1000,180,20,30,500,15070
6,1000,180,30,30,500,15052
6,1000,180,40,30,500,15027
6,1000,180,50,30,500,15021
6,1000,180,60,30,500,15000
6,1000,180,70,30,500,14984
6,1000,180,80,30,500,14963
6,1000,180,90,30,500,14935
6,1000,180,100,30,500,14928
6,1000,180,110,30,500,14899
6,1000,180,120,30,500,14887
6,1000,180,130,30,500,14866
6,1000,180,140,30,500,14849
6,1000,180,150,30,500,14836
6,1000,180,160,30,500,14823
6,1000,180,170,30,500,14810
6,1000,180,180,30,500,14784
6,1000,180,190,30,500,14764
6,1000,180,200,30,500,14755
6,1000,180,210,30,500,14730
6,1000,180,220,30,500,14712
6,1000,180,230,30,500,14689
6,1000,180,240,30,500,14678
6,1000,180,250,30,500,14647
6,1000,180,260,30,500,14628
6,1000,180,270,30,500,14602
6,1000,180,280,30,500,14574
6,1000,180,290,30,500,14550
6,1000,180,300,30,500,14519
6,1000,180,310,30,500,14503
6,1000,180,320,30,500,14477
6,1000,180,330,30,500,14444
6,1000,180,340,30,500,14425
6,1000,180,350,30,500,14411
6,1000,180,360,30,500,14379
6,1000,180,370,30,500,14361
6,1000,180,380,30,500,14344
6,1000,180,390,30,500,14320
6,1000,180,400,30,500,14293
6,1000,180,410,30,500,14282
6,1000,180,420,30,500,14258
6,1000,180,430,30,500,14242
6,1000,180,440,30,500,14194
6,1000,180,450,30,500,14169
6,1000,180,460,30,500,14148
6,1000,180,470,30,500,14118
6,1000,180,480,30,500,14099
6,1000,180,490,30,500,14078
6,1000,180,500,30,500,14037
6,1000,180,510,30,500,14008
6,1000,180,520,30,500,13980
6,1000,180,530,30,500,13962
6,1000,180,540,30,500,13932
6,1000,180,550,30,500,13907
6,1000,180,560,30,500,13891
6,1000,180,570,30,500,13857
6,1000,180,580,30,500,13843
6,1000,180,590,30,500,13814
6,1000,180,600,30,500,13794
6,1000,180,610,30,500,13758
6,1000,180,620,30,500,13747
6,1000,180,630,30,500,13712
6,1000,180,640,30,500,13680
6,1000,180,650,30,500,13644
6,1000,180,660,30,500,13625
6,1000,180,670,30,500,13610
6,1000,180,680,30,500,13590
6,1000,180,690,30,500,13549
6,1000,180,700,30,500,13542
6,1000,180,710,30,500,13509
6,1000,180,720,30,500,13484
6,1000,180,730,30,500,13447
6,1000,180,740,30,500,13413
6,1000,180,750,30,500,13390
6,1000,180,760,30,500,13370
6,1000,180,770,30,500,13349
6,1000,180,780,30,500,13320
6,1000,180,790,30,500,13316
6,1000,180,800,30,500,13268
6,1000,180,810,30,500,13252
6,1000,180,820,30,500,13228
6,1000,180,830,30,500,13198
6,1000,180,840,30,500,13181
6,1000,180,850,30,500,13170
6,1000,180,860,30,500,13135
6,1000,180,870,30,500,13117
6,1000,180,880,30,500,13092
6,1000,180,890,30,500,13052
6,1000,180,900,30,500,13038
6,1000,180,910,30,500,13019
6,1000,180,920,30,500,12989
6,1000,180,930,30,500,12982
6,1000,180,940,30,500,12973
6,1000,180,950,30,500,12930
6,1000,180,960,30,500,12918
6,1000,180,970,30,500,12874
6,1000,180,980,30,500,12856
6,1000,180,990,30,500,12844
6,1000,180,1000,30,500,12789
6,1000,200,2,30,500,15060
6,1000,200,10,30,500,15077
6,1000,200,20,30,500,15058
6,1000,200,30,30,500,15038
6,1000,200,40,30,500,15027
6,1000,200,50,30,500,15015
6,1000,200,60,30,500,15006
6,1000,200,70,30,500,15008
6,1000,200,80,30,500,14978
6,1000,200,90,30,500,14967
6,1000,200,100,30,500,14948
6,1000,200,110,30,500,14931
6,1000,200,120,30,500,14912
6,1000,200,130,30,500,14907
6,1000,200,140,30,500,14894
6,1000,200,150,30,500,14879
6,1000,200,160,30,500,14841
6,1000,200,170,30,500,14839
6,1000,200,180,30,500,14825
6,1000,200,190,30,500,14816
6,1000,200,200,30,500,14783
6,1000,200,210,30,500,14778
6,1000,200,220,30,500,14764
6,1000,200,230,30,500,14754
6,1000,200,240,30,500,14739
6,1000,200,250,30,500,14711
6,1000,200,260,30,500,14697
6,1000,200,270,30,500,14691
6,1000,200,280,30,500,14676
6,1000,200,290,30,500,14655
6,1000,200,300,30,500,14641
6,1000,200,310,30,500,14626
6,1000,200,320,30,500,14625
6,1000,200,330,30,500,14601
6,1000,200,340,30,500,14582
6,1000,200,350,30,500,14561
6,1000,200,360,30,500,14547
6,1000,200,370,30,500,14531
6,1000,200,380,30,500,14505
6,1000,200,390,30,500,14490
6,1000,200,400,30,500,14469
6,1000,200,410,30,500,14441
6,1000,200,420,30,500,14421
6,1000,200,430,30,500,14417
6,1000,200,440,30,500,14375
6,1000,200,450,30,500,14372
6,1000,200,460,30,500,14353
6,1000,200,470,30,500,14340
6,1000,200,480,30,500,14320
6,1000,200,490,30,500,14293
6,1000,200,500,30,500,14287
6,1000,200,510,30,500,14291
6,1000,200,520,30,500,14245
6,1000,200,530,30,500,14234
6,1000,200,540,30,500,14214
6,1000,200,550,30,500,14201
6,1000,200,560,30,500,14169
6,1000,200,570,30,500,14161
6,1000,200,580,30,500,14122
6,1000,200,590,30,500,14102
6,1000,200,600,30,500,14091
6,1000,200,610,30,500,14062
6,1000,200,620,30,500,14038
6,1000,200,630,30,500,14028
6,1000,200,640,30,500,14006
6,1000,200,650,30,500,14001
6,1000,200,660,30,500,13973
6,1000,200,670,30,500,13961
6,1000,200,680,30,500,13935
6,1000,200,690,30,500,13913
6,1000,200,700,30,500,13905
6,1000,200,710,30,500,13895
6,1000,200,720,30,500,13869
6,1000,200,730,30,500,13844
6,1000,200,740,30,500,13810
6,1000,200,750,30,500,13797
6,1000,200,760,30,500,13771
6,1000,200,770,30,500,13757
6,1000,200,780,30,500,13739
6,1000,200,790,30,500,13721
6,1000,200,800,30,500,13699
6,1000,200,810,30,500,13676
6,1000,200,820,30,500,13673
6,1000,200,830,30,500,13661
6,1000,200,840,30,500,13650
6,1000,200,850,30,500,13621
6,1000,200,860,30,500,13599
6,1000,200,870,30,500,13579
6,1000,200,880,30,500,13559
6,1000,200,890,30,500,13535
6,1000,200,900,30,500,13519
6,1000,200,910,30,500,13495
6,1000,200,920,30,500,13473
6,1000,200,930,30,500,13444
6,1000,200,940,30,500,13427
6,1000,200,950,30,500,13396
6,1000,200,960,30,500,13387
6,1000,200,970,30,500,13366
6,1000,200,980,30,500,13345
6,1000,200,990,30,500,13327
6,1000,200,1000,30,500,13284
6,1000,250,2,30,500,15087
6,1000,250,10,30,500,15101
6,1000,250,20,30,500,15087
6,1000,250,30,30,500,15072
6,1000,250,40,30,500,15047
6,1000,250,50,30,500,15035
6,1000,250,60,30,500,15027
6,1000,250,70,30,500,15007
6,1000,250,80,30,500,15015
6,1000,250,90,30,500,14987
6,1000,250,100,30,500,14961
6,1000,250,110,30,500,14946
6,1000,250,120,30,500,14912
6,1000,250,130,30,500,14903
6,1000,250,140,30,500,14880
6,1000,250,150,30,500,14876
6,1000,250,160,30,500,14859
6,1000,250,170,30,500,14841
6,1000,250,180,30,500,14837
6,1000,250,190,30,500,14814
6,1000,250,200,30,500,14811
6,1000,250,210,30,500,14811
6,1000,250,220,30,500,14785
6,1000,250,230,30,500,14757
6,1000,250,240,30,500,14742
6,1000,250,250,30,500,14730
6,1000,250,260,30,500,14728
6,1000,250,270,30,500,14715
6,1000,250,280,30,500,14702
6,1000,250,290,30,500,14679
6,1000,250,300,30,500,14664
6,1000,250,310,30,500,14635
6,1000,250,320,30,500,14623
6,1000,250,330,30,500,14615
6,1000,250,340,30,500,14600
6,1000,250,350,30,500,14583
6,1000,250,360,30,500,14568
6,1000,250,370,30,500,14550
6,1000,250,380,30,500,14531
6,1000,250,390,30,500,14523
6,1000,250,400,30,500,14508
6,1000,250,410,30,500,14497
6,1000,250,420,30,500,14463
6,1000,250,430,30,500,14463
6,1000,250,440,30,500,14435
6,1000,250,450,30,500,14422
6,1000,250,460,30,500,14404
6,1000,250,470,30,500,14391
6,1000,250,480,30,500,14362
6,1000,250,490,30,500,14356
6,1000,250,500,30,500,14332
6,1000,250,510,30,500,14329
6,1000,250,520,30,500,14318
6,1000,250,530,30,500,14292
6,1000,250,540,30,500,14274
6,1000,250,550,30,500,14258
6,1000,250,560,30,500,14255
6,1000,250,570,30,500,14239
6,1000,250,580,30,500,14219
6,1000,250,590,30,500,14210
6,1000,250,600,30,500,14187
6,1000,250,610,30,500,14164
6,1000,250,620,30,500,14144
6,1000,250,630,30,500,14135
6,1000,250,640,30,500,14109
6,1000,250,650,30,500,14102
6,1000,250,660,30,500,14088
6,1000,250,670,30,500,14078
6,1000,250,680,30,500,14062
6,1000,250,690,30,500,14044
6,1000,250,700,30,500,14026
6,1000,250,710,30,500,14026
6,1000,250,720,30,500,14007
6,1000,250,730,30,500,13981
6,1000,250,740,30,500,13957
6,1000,250,750,30,500,13949
6,1000,250,760,30,500,13931
6,1000,250,770,30,500,13923
6,1000,250,780,30,500,13903
6,1000,250,790,30,500,13895
6,1000,250,800,30,500,13876
6,1000,250,810,30,500,13851
6,1000,250,820,30,500,13835
6,1000,250,830,30,500,13836
6,1000,250,840,30,500,13830
6,1000,250,850,30,500,13796
6,1000,250,860,30,500,13786
6,1000,250,870,30,500,13759
6,1000,250,880,30,500,13741
6,1000,250,890,30,500,13728
6,1000,250,900,30,500,13715
6,1000,250,910,30,500,13695
6,1000,250,920,30,500,13670
6,1000,250,930,30,500,13667
6,1000,250,940,30,500,13658
6,1000,250,950,30,500,13635
6,1000,250,960,30,500,13618
6,1000,250,970,30,500,13620
6,1000,250,980,30,500,13608
6,1000,250,990,30,500,13588
6,1000,250,1000,30,500,13547
6,1000,300,2,30,500,15074
6,1000,300,10,30,500,15099
6,1000,300,20,30,500,15089
6,1000,300,30,30,500,15078
6,1000,300,40,30,500,15076
6,1000,300,50,30,500,15053
6,1000,300,60,30,500,15040
6,1000,300,70,30,500,15031
6,1000,300,80,30,500,15029
6,1000,300,90,30,500,15010
6,1000,300,100,30,500,15002
6,1000,300,110,30,500,14982
6,1000,300,120,30,500,14965
6,1000,300,130,30,500,14957
6,1000,300,140,30,500,14948
6,1000,300,150,30,500,14923
6,1000,300,160,30,500,14916
6,1000,300,170,30,500,14916
6,1000,300,180,30,500,14885
6,1000,300,190,30,500,14882
6,1000,300,200,30,500,14851
6,1000,300,210,30,500,14854
6,1000,300,220,30,500,14841
6,1000,300,230,30,500,14828
6,1000,300,240,30,500,14802
6,1000,300,250,30,500,14785
6,1000,300,260,30,500,14778
6,1000,300,270,30,500,14763
6,1000,300,280,30,500,14751
6,1000,300,290,30,500,14725
6,1000,300,300,30,500,14715
6,1000,300,310,30,500,14701
6,1000,300,320,30,500,14682
6,1000,300,330,30,500,14676
6,1000,300,340,30,500,14655
6,1000,300,350,30,500,14641
6,1000,300,360,30,500,14615
6,1000,300,370,30,500,14600
6,1000,300,380,30,500,14593
6,1000,300,390,30,500,14594
6,1000,300,400,30,500,14586
6,1000,300,410,30,500,14562
6,1000,300,420,30,500,14555
6,1000,300,430,30,500,14533
6,1000,300,440,30,500,14514
6,1000,300,450,30,500,14492
6,1000,300,460,30,500,14482
6,1000,300,470,30,500,14466
6,1000,300,480,30,500,14453
6,1000,300,490,30,500,14429
6,1000,300,500,30,500,14419
6,1000,300,510,30,500,14400
6,1000,300,520,30,500,14370
6,1000,300,530,30,500,14358
6,1000,300,540,30,500,14340
6,1000,300,550,30,500,14317
6,1000,300,560,30,500,14313
6,1000,300,570,30,500,14294
6,1000,300,580,30,500,14288
6,1000,300,590,30,500,14268
6,1000,300,600,30,500,14261
6,1000,300,610,30,500,14236
6,1000,300,620,30,500,14227
6,1000,300,630,30,500,14212
6,1000,300,640,30,500,14188
6,1000,300,650,30,500,14181
6,1000,300,660,30,500,14166
6,1000,300,670,30,500,14149
6,1000,300,680,30,500,14138
6,1000,300,690,30,500,14120
6,1000,300,700,30,500,14100
6,1000,300,710,30,500,14091
6,1000,300,720,30,500,14074
6,1000,300,730,30,500,14057
6,1000,300,740,30,500,14039
6,1000,300,750,30,500,14031
6,1000,300,760,30,500,14014
6,1000,300,770,30,500,13997
6,1000,300,780,30,500,13979
6,1000,300,790,30,500,13955
6,1000,300,800,30,500,13955
6,1000,300,810,30,500,13932
6,1000,300,820,30,500,13916
6,1000,300,830,30,500,13898
6,1000,300,840,30,500,13892
6,1000,300,850,30,500,13877
6,1000,300,860,30,500,13881
6,1000,300,870,30,500,13872
6,1000,300,880,30,500,13855
6,1000,300,890,30,500,13831
6,1000,300,900,30,500,13819
6,1000,300,910,30,500,13816
6,1000,300,920,30,500,13796
6,1000,300,930,30,500,13799
6,1000,300,940,30,500,13778
6,1000,300,950,30,500,13776
6,1000,300,960,30,500,13762
6,1000,300,970,30,500,13743
6,1000,300,980,30,500,13725
6,1000,300,990,30,500,13710
6,1000,300,1000,30,500,13684
